Name	Main type	All types	Website	Website (root url)	Phone	Full address	City	Level 1 division	Level 2 division	Longitude	Latitude	Email	Facebook link	Youtube link	Twitter link	Instagram link	Linkedin link	Working hours	Characteristics
Quinta Pedagógica da Caria	Organic food store	Camping farm,Childrens farm,Childrens party service,Event venue,Farmers market,Herbal medicine store,Learning center,Organic farm,Organic food store,Tourist attraction	https://www.quintadacaria.com	https://www.quintadacaria.com	351 918 919 044	Quinta Pedagógica da Caria, Rua do Pinhal Redondo 30, Casal da Barreirinha, 2560-095 MACEIRA TVD, Portugal	MACEIRA TVD	Distrito de Lisboa	Lourinhã	-9.315742	39.170442	o-seu-email@exemplo.com	https://facebook.com/alcofa-bio-131022673962396	https://youtube.com/channel/UCLPCzH1uLOkXnXr1z0Hn63Q	https://twitter.com/qpcaria	https://instagram.com/qpcaria	https://linkedin.com/in/qpcaria	{"monday":null,"tuesday":null,"wednesday":null,"thursday":null,"friday":null,"saturday":null,"sunday":null}	{"from-the-business":{"identifies-as-women-owned":"identifies-as-women-owned"},"service-options":{"delivery":"offers-delivery","in-store-pickup":"in-store-pickup-for-online-orders","in-store-shopping":"has-in-store-shopping"},"highlights":{"great-produce":"has-great-produce"},"accessibility":{"wheelchair-accessible-entrance":"has-wheelchair-accessible-entrance","wheelchair-accessible-parking-lot":"has-wheelchair-accessible-parking-lot","wheelchair-accessible-restroom":"has-wheelchair-accessible-restroom","wheelchair-accessible-seating":"has-wheelchair-accessible-seating"},"offerings":{"organic-products":"sells-organic-products"},"amenities":{"restroom":"has-restroom","wi-fi":"has-wi-fi"},"planning":{"appointment-required":"appointment-required"},"recycling":{"glass-bottles":"has-glass-bottle-recycling","metal-cans":"has-metal-can-recycling","plastic-bags":"has-plastic-bag-recycling","plastic-bottles":"has-plastic-bottle-recycling"},"payments":{"nfc-mobile-payments":"accepts-nfc-mobile-payments"},"parking":{"free-parking-lot":"free-parking-lot"}}
Mercado dos Lavradores (farmers' market)	Produce market	Cafeteria,Market,Produce market			351 291 091 439	Mercado dos Lavradores (farmers' market), Largo dos Lavradores, 9060-158 Funchal, Portugal	Funchal	Madeira	Funchal	-16.9041032	32.648631							{"monday":"7-am-7-pm","tuesday":"7-am-7-pm","wednesday":"7-am-7-pm","thursday":"7-am-7-pm","friday":"7-am-7-pm","saturday":"7-am-2-pm","sunday":"closed"}	{"service-options":{"onsite-services":"onsite-services-available","delivery":"no-delivery"},"highlights":{"great-produce":"has-great-produce"},"accessibility":{"wheelchair-accessible-entrance":"has-wheelchair-accessible-entrance","wheelchair-accessible-washroom":"has-wheelchair-accessible-washroom"},"offerings":{"food":"serves-food"},"amenities":{"washroom":"has-washroom","wi-fi":"has-wi-fi"},"planning":{"quick-visit":"good-for-quick-visit"},"payments":{"credit-cards":"accepts-credit-cards","debit-cards":"accepts-debit-cards","nfc-mobile-payments":"accepts-nfc-mobile-payments"},"parking":{"free-parking-lot":"free-parking-lot","paid-parking-lot":"paid-parking-lot"}}
Mercado Agrícola de Santana	Farmers market	Farmers market	http://www.aasm-cua.com.pt/aDefMercado.asp	http://www.aasm-cua.com.pt	351 296 490 000	Mercado Agrícola de Santana, Lugar Recinto Da Feira, Campo De Santana, 9600-096 Ribeira Grande, Portugal	Ribeira Grande	Azores	Ribeira Grande	-25.5631551	37.808606	geral@aasm-cua.pt	https://facebook.com/aasmcua					{"monday":"closed","tuesday":"closed","wednesday":"closed","thursday":"8-am-1-pm","friday":"closed","saturday":"8-am-1-pm","sunday":"closed"}	{"accessibility":{"wheelchair-accessible-entrance":"has-wheelchair-accessible-entrance","wheelchair-accessible-parking-lot":"has-wheelchair-accessible-parking-lot"},"amenities":{"restroom":"has-restroom"},"payments":{"debit-cards":"accepts-debit-cards"}}
Mercado Biológico do Principe Real	Farmers market	Farmers market				Mercado Biológico do Principe Real, Praça do Príncipe Real, 1250-096 Lisboa, Portugal	Lisbon	Distrito de Lisboa	Lisbon	-9.1492235	38.7159504							{"monday":"closed","tuesday":"closed","wednesday":"closed","thursday":"closed","friday":"closed","saturday":"9-am-2-pm","sunday":"closed"}	{"accessibility":{"wheelchair-accessible-entrance":"has-wheelchair-accessible-entrance","wheelchair-accessible-parking-lot":"has-wheelchair-accessible-parking-lot"},"payments":{"credit-cards":"accepts-credit-cards","debit-cards":"accepts-debit-cards","nfc-mobile-payments":"accepts-nfc-mobile-payments"}}
Organic Market Agrobio - Nations Park	Farmers market	Farmers market				Organic Market Agrobio - Nations Park, 1990-061 Lisboa, Portugal	Lisbon	Distrito de Lisboa	Lisbon	-9.0920629	38.7772598							{"monday":"closed","tuesday":"closed","wednesday":"closed","thursday":"closed","friday":"closed","saturday":"9-am-2-pm","sunday":"closed"}	{"accessibility":{"wheelchair-accessible-entrance":"has-wheelchair-accessible-entrance","wheelchair-accessible-parking-lot":"has-wheelchair-accessible-parking-lot"},"payments":{"debit-cards":"accepts-debit-cards"}}
Mercado Biológico Agrobio - São Vicente	Farmers market	Farmers market	http://agrobio.pt/consumidor/mercados-agrobio	http://agrobio.pt	+351 21 364 1354	Portugal, Lisboa, Campo de Santa Clara, Mercado Biológico Agrobio - São Vicente	Lisbon	Distrito de Lisboa	Lisbon	-9.1248781	38.715581	geral@agrobio.pt	https://facebook.com/agrobioagriculturabiologica			https://instagram.com/agrobio_portugal	https://linkedin.com/company/agrobiopt	{"monday":"closed","tuesday":"closed","wednesday":"closed","thursday":"closed","friday":"closed","saturday":"8-am-2-pm","sunday":"closed"}	{"accessibility":{"wheelchair-accessible-entrance":"has-wheelchair-accessible-entrance"}}
Mercado Biológico Agrobio - Campo Pequeno	Farmers market	Farmers market	http://agrobio.pt/consumidor/mercados-agrobio	http://agrobio.pt	+351 21 364 1354	Portugal, Lisboa, Campo Pequeno, Mercado Biológico Agrobio - Campo Pequeno	Lisbon	Distrito de Lisboa	Lisbon	-9.1460942	38.7431731	geral@agrobio.pt	https://facebook.com/agrobioagriculturabiologica			https://instagram.com/agrobio_portugal	https://linkedin.com/company/agrobiopt	{"monday":"closed","tuesday":"closed","wednesday":"closed","thursday":"closed","friday":"closed","saturday":"9-am-2-pm","sunday":"closed"}	{"accessibility":{"wheelchair-accessible-entrance":"has-wheelchair-accessible-entrance","wheelchair-accessible-parking-lot":"has-wheelchair-accessible-parking-lot"}}
Mercado Biológico Agrobio - Parque das Nações Sul	Farmers market	Farmers market	http://agrobio.pt/consumidor/mercados-agrobio	http://agrobio.pt	+351 21 364 1354	Mercado Biológico Agrobio - Parque das Nações Sul, Alameda dos Oceanos, 1990-217 Lisboa, Portugal	Lisbon	Distrito de Lisboa	Lisbon	-9.0966858	38.757391	geral@agrobio.pt	https://facebook.com/agrobioagriculturabiologica			https://instagram.com/agrobio_portugal	https://linkedin.com/company/agrobiopt	{"monday":"closed","tuesday":"closed","wednesday":"closed","thursday":"closed","friday":"closed","saturday":"9-am-2-pm","sunday":"closed"}	{"accessibility":{"wheelchair-accessible-entrance":"has-wheelchair-accessible-entrance"}}
Mercado Biológico Agrobio - Cascais	Farmers market	Farmers market	https://agrobio.pt/consumidor/mercados-agrobio	https://agrobio.pt	+351 21 364 1354	Mercado Biológico Agrobio - Cascais, R. Padre Moisés da Silva 29, 2750-437 Cascais, Portugal	Cascais	Distrito de Lisboa	Cascais	-9.4215619	38.702186	geral@agrobio.pt	https://facebook.com/agrobioagriculturabiologica			https://instagram.com/agrobio_portugal	https://linkedin.com/company/agrobiopt	{"monday":"closed","tuesday":"closed","wednesday":"closed","thursday":"closed","friday":"closed","saturday":"9-am-2-pm","sunday":"closed"}	{"accessibility":{"wheelchair-accessible-entrance":"has-wheelchair-accessible-entrance","wheelchair-accessible-parking-lot":"has-wheelchair-accessible-parking-lot"}}
Herdade da Falcoeira	Winery	Farmers market,Livestock breeder,Winery	https://www.linkedin.com/pub/herdade-da-falcoeira/51/40a/40	https://www.linkedin.com	351 266 587 141	Herdade da Falcoeira, Av. das Oliveiras do Monte da Falcoeira, 7200-071, Portugal	Campo	Distrito de Évora	Reguengos de Monsaraz	-7.501505	38.36835						https://linkedin.com/pub/herdade-da-falcoeira/51/40a/40	{"monday":null,"tuesday":null,"wednesday":null,"thursday":null,"friday":null,"saturday":null,"sunday":null}	{"accessibility":{"wheelchair-accessible-entrance":"has-wheelchair-accessible-entrance","wheelchair-accessible-parking-lot":"has-wheelchair-accessible-parking-lot"}}
Feira Livre de Bragança	Farmers market	Farmers market				Feira Livre de Bragança, Bragança, Portugal	Bragança	Distrito de Bragança	Bragança Municipality	-6.763668	41.8057054							{"monday":"closed","tuesday":"closed","wednesday":"closed","thursday":"closed","friday":"8-am-1-pm","saturday":"closed","sunday":"closed"}	{"accessibility":{"wheelchair-accessible-entrance":"has-wheelchair-accessible-entrance","wheelchair-accessible-parking-lot":"has-wheelchair-accessible-parking-lot"},"payments":{"debit-cards":"accepts-debit-cards"}}
Warehouse Farmer, Farmer Financial Services Ltd	Farmers market	Do-it-yourself shop,Farmers market,Garden	http://www.mimagro.pt	http://www.mimagro.pt	351 275 331 106	Warehouse Farmer, Farmer Financial Services Ltd, Parque Industrial Covilhã Lt. 30, 6200-027 Covilhã, Portugal	Covilhã	Distrito de Castelo Branco	Covilhã	-7.4826245	40.2909599	geral@mimagro.pt	https://facebook.com/mimagro.aa			https://instagram.com/mimagro.ptg		{"monday":["9-am-1-pm","230-630-pm"],"tuesday":["9-am-1-pm","230-630-pm"],"wednesday":["9-am-1-pm","230-630-pm"],"thursday":["9-am-1-pm","230-630-pm"],"friday":["9-am-1-pm","230-630-pm"],"saturday":["9-am-1-pm","230-630-pm"],"sunday":"230-630-pm"}	{"accessibility":{"wheelchair-accessible-entrance":"has-wheelchair-accessible-entrance","wheelchair-accessible-parking-lot":"has-wheelchair-accessible-parking-lot","wheelchair-accessible-restroom":"has-wheelchair-accessible-restroom","wheelchair-accessible-seating":"no-wheelchair-accessible-seating"},"amenities":{"gender-neutral-restroom":"has-gender-neutral-restroom","restroom":"has-restroom"},"payments":{"credit-cards":"accepts-credit-cards","debit-cards":"accepts-debit-cards"},"parking":{"free-parking-garage":"free-parking-garage","free-street-parking":"free-street-parking","on-site-parking":"on-site-parking"}}
Natureza Azul	Farmers market	Farmers market			351 968 290 198	Natureza Azul, Portugal		Distrito da Guarda	Guarda	-7.228037	40.514776							{"monday":null,"tuesday":null,"wednesday":null,"thursday":null,"friday":null,"saturday":null,"sunday":null}	{"accessibility":{"wheelchair-accessible-parking-lot":"has-wheelchair-accessible-parking-lot"}}
Manuel Meles, Lda	Farm equipment supplier	Agricultural service,Farm equipment supplier,Farmers market			351 273 329 995	Manuel Meles, Lda, R. Cel. Teófilo de Morais n. 36, 5300-427 Bragança, Portugal	Bragança	Distrito de Bragança	Bragança Municipality	-6.7823227	41.7894486							{"monday":["830-am-1230-pm","2-6-pm"],"tuesday":["830-am-1230-pm","2-6-pm"],"wednesday":["830-am-1230-pm","2-6-pm"],"thursday":["830-am-1230-pm","2-6-pm"],"friday":["830-am-1230-pm","2-6-pm"],"saturday":"closed","sunday":"closed"}	{"accessibility":{"wheelchair-accessible-entrance":"has-wheelchair-accessible-entrance","wheelchair-accessible-parking-lot":"has-wheelchair-accessible-parking-lot"},"payments":{"credit-cards":"accepts-credit-cards","debit-cards":"accepts-debit-cards"}}
BioApis - Apicultura Biológica, Lda.	Farmers market	Farmers market			351 933 488 608	BioApis - Apicultura Biológica, Lda., Zona Industrial de Vimioso, Lote 20, 5230-284 Vimioso, Portugal	Vimioso	Distrito de Bragança	Vimioso	-6.5365223	41.5611686							{"monday":"9-am-6-pm","tuesday":"9-am-6-pm","wednesday":"9-am-6-pm","thursday":"9-am-6-pm","friday":"9-am-6-pm","saturday":"closed","sunday":"closed"}	{"accessibility":{"wheelchair-accessible-entrance":"has-wheelchair-accessible-entrance","wheelchair-accessible-parking-lot":"has-wheelchair-accessible-parking-lot"}}
Mercado Porto Belo	Farmers market	Farmers market	https://m.facebook.com/mercadoportobelo	https://m.facebook.com		Mercado Porto Belo, Praça de Carlos Alberto, 4050-157 Porto, Portugal	Porto	Distrito do Porto	Porto	-8.615878	41.1485078	mercadoportobelo@gmail.com	https://facebook.com/mercadoportobelo					{"monday":"closed","tuesday":"closed","wednesday":"closed","thursday":"closed","friday":"closed","saturday":"10-am-7-pm","sunday":"closed"}	{"accessibility":{"wheelchair-accessible-entrance":"has-wheelchair-accessible-entrance","wheelchair-accessible-parking-lot":"has-wheelchair-accessible-parking-lot"},"payments":{"credit-cards":"accepts-credit-cards","debit-cards":"accepts-debit-cards"}}
Feira de Produtos Biológicos do Porto	Farmers market	Farmers market	https://www.facebook.com/organicporto	https://www.facebook.com		Feira de Produtos Biológicos do Porto, Estr. da Circunvalação, 4100-083 Porto, Portugal	Porto	Distrito do Porto	Porto	-8.6785719	41.1705029		https://facebook.com/organicporto					{"monday":"closed","tuesday":"closed","wednesday":"closed","thursday":"closed","friday":"closed","saturday":"9-am-2-pm","sunday":"closed"}	{"accessibility":{"wheelchair-accessible-entrance":"has-wheelchair-accessible-entrance","wheelchair-accessible-parking-lot":"has-wheelchair-accessible-parking-lot"},"payments":{"debit-cards":"accepts-debit-cards","nfc-mobile-payments":"accepts-nfc-mobile-payments"}}
Agro-Matias	Farmers market	Animal feed store,Farmers market,Manufacturer,Organic farm			351 252 652 167	Agro-Matias, R. de São Cristovão, 4480-430 Rio Mau, Portugal	Rio Mau	Distrito do Porto	Vila do Conde	-8.6798604	41.4041153							{"monday":["830-am-1230-pm","2-7-pm"],"tuesday":["830-am-1230-pm","2-7-pm"],"wednesday":["830-am-1230-pm","2-7-pm"],"thursday":["830-am-1230-pm","2-7-pm"],"friday":["830-am-1230-pm","2-7-pm"],"saturday":"830-am-1-pm","sunday":"closed"}	{"accessibility":{"wheelchair-accessible-entrance":"has-wheelchair-accessible-entrance","wheelchair-accessible-parking-lot":"has-wheelchair-accessible-parking-lot"},"payments":{"credit-cards":"accepts-credit-cards","debit-cards":"accepts-debit-cards"}}
Casa Caldas - Produtos Agrícolas,LDA	Distribution service	Agricultural product wholesaler,Agricultural service,Animal feed store,Distribution service,Farm shop,Farmers market,Health food store,Manufacturer,Organic farm	http://www.casacaldas.com	http://www.casacaldas.com	351 258 907 010	Casa Caldas - Produtos Agrícolas,LDA, Rua da Posa, Rua de Santo Amaro 242, 4990-349, Portugal		Distrito de Viana do Castelo	Ponte de Lima	-8.5762487	41.7456239	administrativo@casacaldas.com	https://facebook.com/casacaldas					{"monday":["8-am-1230-pm","2-7-pm"],"tuesday":["8-am-1230-pm","2-7-pm"],"wednesday":["8-am-1230-pm","2-7-pm"],"thursday":["8-am-1230-pm","2-7-pm"],"friday":["8-am-1230-pm","2-7-pm"],"saturday":"closed","sunday":"closed"}	{"accessibility":{"wheelchair-accessible-entrance":"has-wheelchair-accessible-entrance","wheelchair-accessible-parking-lot":"has-wheelchair-accessible-parking-lot"}}
Horta do Besouro	Farmers market	Agricultural service,Farm shop,Farmers market			351 963 163 339	Horta do Besouro, Sítio do Besouro Cx 660 A, 8005-421 Faro, Portugal	Faro	Distrito de Faro	Faro	-7.919088	37.069633							{"monday":null,"tuesday":null,"wednesday":null,"thursday":null,"friday":null,"saturday":null,"sunday":null}	{"accessibility":{"wheelchair-accessible-parking-lot":"has-wheelchair-accessible-parking-lot"}}
Ed Pinheiro Torres & Irmãos Lda	Distribution service	Distribution service,Farmers market	http://www.edpinheirotorres.pt	http://www.edpinheirotorres.pt	+351 22 947 8640	Ed Pinheiro Torres & Irmãos Lda, Estrada Nacional 14 n.º 517 - Barca, 4475-045 Maia, Portugal	Maia	Distrito do Porto	Maia	-8.6207432	41.2443531	webmaster@edpinheirotorres.pt						{"monday":["830-am-12-pm","2-630-pm"],"tuesday":["830-am-12-pm","2-630-pm"],"wednesday":["830-am-12-pm","2-630-pm"],"thursday":["830-am-12-pm","2-630-pm"],"friday":["830-am-12-pm","2-630-pm"],"saturday":"closed","sunday":"closed"}	{"accessibility":{"wheelchair-accessible-entrance":"has-wheelchair-accessible-entrance","wheelchair-accessible-parking-lot":"has-wheelchair-accessible-parking-lot"}}
Hidroplay.EU.lda	Farmers market	Farmers market			351 916 165 836	Hidroplay.EU.lda, Estrada Nacional 8/5, Leizerões, 2450-633 Valado dos Frades, Portugal	Valado dos Frades	Distrito de Leiria	Nazaré	-9.0101677	39.5802572							{"monday":"9-am-630-pm","tuesday":"9-am-630-pm","wednesday":"9-am-630-pm","thursday":"9-am-630-pm","friday":"9-am-630-pm","saturday":"10-am-630-pm","sunday":"closed"}	{"accessibility":{"wheelchair-accessible-entrance":"has-wheelchair-accessible-entrance","wheelchair-accessible-parking-lot":"has-wheelchair-accessible-parking-lot"}}
Village Farm - Santa Margarida da Coutada	Farmers market	Farmers market			351 919 367 624	Village Farm - Santa Margarida da Coutada, Estr. Nova das Hortas 10, 2250-357, Portugal		Distrito de Santarém	Constância	-8.312101	39.442192							{"monday":"9-am-5-pm","tuesday":"9-am-5-pm","wednesday":"9-am-5-pm","thursday":"9-am-5-pm","friday":"9-am-5-pm","saturday":"closed","sunday":"closed"}	{"accessibility":{"wheelchair-accessible-entrance":"has-wheelchair-accessible-entrance","wheelchair-accessible-parking-lot":"has-wheelchair-accessible-parking-lot"}}
AVDC - Associação de Viveiristas do Distrito de Coimbra	Farmers market	Farmers market			351 913 274 278	AVDC - Associação de Viveiristas do Distrito de Coimbra, Quinta de S. Jorge Copeira Estrada da, 3040-714, Portugal	Castelo Viegas	Distrito de Coimbra	Coimbra	-8.4103342	40.1758467							{"monday":"8-am-6-pm","tuesday":"8-am-6-pm","wednesday":"8-am-6-pm","thursday":"8-am-6-pm","friday":"8-am-6-pm","saturday":"closed","sunday":"closed"}	{"accessibility":{"wheelchair-accessible-entrance":"has-wheelchair-accessible-entrance","wheelchair-accessible-parking-lot":"has-wheelchair-accessible-parking-lot"}}
Lagoa de Albufeira market	Farmers market	Farmers market	https://www.sesimbra.pt/pages/1301?poi_id=282	https://www.sesimbra.pt		Lagoa de Albufeira market, Estr. do Casalão, Portugal		Distrito de Setúbal	Sesimbra	-9.1610695	38.4946808	balcao.unico@cm-sesimbra.pt	https://facebook.com/camaramunicipalsesimbra	https://youtube.com/cmsesimbra	https://twitter.com/cmsesimbra	https://instagram.com/cm_sesimbra		{"monday":"closed","tuesday":"7-am-1-pm","wednesday":"7-am-1-pm","thursday":"7-am-1-pm","friday":"7-am-1-pm","saturday":"7-am-1-pm","sunday":"7-am-1-pm"}	{"accessibility":{"wheelchair-accessible-entrance":"has-wheelchair-accessible-entrance","wheelchair-accessible-parking-lot":"has-wheelchair-accessible-parking-lot"},"amenities":{"restroom":"has-restroom"}}
Cooperativa de Viticultores e Oliviticultores de Freixo de Numão CRL	Farmers market	Farmers market			351 279 780 010	Cooperativa de Viticultores e Oliviticultores de Freixo de Numão CRL, Freixo de Numão, 5155-235 Vila Nova de Foz Côa, Portugal	Vila Nova de Foz Côa	Distrito da Guarda	Vila Nova de Foz Côa	-7.2241622	41.0553797							{"monday":null,"tuesday":null,"wednesday":null,"thursday":null,"friday":null,"saturday":null,"sunday":null}	{"accessibility":{"wheelchair-accessible-entrance":"has-wheelchair-accessible-entrance","wheelchair-accessible-parking-lot":"has-wheelchair-accessible-parking-lot"}}
Expo-Agrícola e Artesanal da Ponta do Sol	Farmers market	Farmers market	https://expoagricola.pt	https://expoagricola.pt		Expo-Agrícola e Artesanal da Ponta do Sol, Estrada do V Centenário 20, 9360-500 Ponta do Sol, Portugal	Ponta do Sol	Madeira	Ponta do Sol	-17.1018318	32.6822307	expoagricolapds@proton.me	https://facebook.com/profile.php			https://instagram.com/expoagricolapds		{"monday":"closed","tuesday":"closed","wednesday":"closed","thursday":"closed","friday":"closed","saturday":"10-am-1-pm","sunday":"closed"}	{"accessibility":{"wheelchair-accessible-entrance":"has-wheelchair-accessible-entrance"}}
O Prado - Hernâni Pinto & Filhos Lda	Commercial agent	Commercial agent,Farmers market,Store	https://hpf.pt	https://hpf.pt	351 276 323 834	O Prado - Hernâni Pinto & Filhos Lda, Av. D.João I 116, EN2, Raio X, 5400-323 Chaves, Portugal	Chaves	Distrito de Vila Real	Chaves	-7.4701776	41.7290686	geral@hpf.pt						{"monday":"9-am-7-pm","tuesday":"9-am-7-pm","wednesday":"9-am-7-pm","thursday":"9-am-7-pm","friday":"9-am-7-pm","saturday":"9-am-1-pm","sunday":"closed"}	{"accessibility":{"wheelchair-accessible-entrance":"has-wheelchair-accessible-entrance"}}
Mercado da Reforma Agrária	Farmers market	Farmers market	https://www.mun-montijo.pt/conhecer/mercados/poi/mercado-de-levante-vulgo-mercado-da-reforma-agraria	https://www.mun-montijo.pt		Mercado da Reforma Agrária, R. Miguel Pais, Montijo, Portugal	Montijo	Distrito de Setúbal	Montijo	-8.9751052	38.7021826	geral@mun-montijo.pt	https://facebook.com/cmmontijo	https://youtube.com/user/cmmontijo	https://twitter.com/camaramontijo	https://instagram.com/municipiodomontijo		{"monday":"closed","tuesday":"7-am-1-pm","wednesday":"closed","thursday":"7-am-1-pm","friday":"closed","saturday":"7-am-1-pm","sunday":"closed"}	{"accessibility":{"wheelchair-accessible-entrance":"has-wheelchair-accessible-entrance","wheelchair-accessible-parking-lot":"has-wheelchair-accessible-parking-lot"}}
Mercadinho de Estremoz	Farmers market	Farmers market				Mercadinho de Estremoz, Rossio Marquês de Pombal 7100, Estremoz, Portugal	Estremoz	Distrito de Évora	Estremoz	-7.5851798	38.8418336							{"monday":null,"tuesday":null,"wednesday":null,"thursday":null,"friday":null,"saturday":null,"sunday":null}	{"accessibility":{"wheelchair-accessible-entrance":"has-wheelchair-accessible-entrance","wheelchair-accessible-parking-lot":"has-wheelchair-accessible-parking-lot"},"amenities":{"restroom":"has-restroom"},"payments":{"debit-cards":"accepts-debit-cards"}}
Mercado de Verduras	Farmers market	Farmers market				Mercado de Verduras, 41°41'58. 8°49'30., R. 8 5, Portugal	Viana do Castelo	Distrito de Viana do Castelo	Viana do Castelo	-8.82521	41.699592							{"monday":"closed","tuesday":"closed","wednesday":"closed","thursday":"closed","friday":"7-am-2-pm","saturday":"closed","sunday":"closed"}	{"accessibility":{"wheelchair-accessible-entrance":"has-wheelchair-accessible-entrance","wheelchair-accessible-parking-lot":"has-wheelchair-accessible-parking-lot"}}
Labronso & Filhos, Lda // Mercearia - Bricolagem - Agricultura	Farmers market	Building materials store,Farmers market			351 961 477 075	Labronso & Filhos, Lda // Mercearia - Bricolagem - Agricultura, R. Dr. Dias Calazans 23, 6040-100 Gavião, Portugal	Gavião	Distrito de Portalegre	Gavião	-7.9360045	39.4644797							{"monday":"9-am-7-pm","tuesday":"9-am-7-pm","wednesday":"9-am-7-pm","thursday":"9-am-7-pm","friday":"9-am-7-pm","saturday":"9-am-5-pm","sunday":"9-am-1-pm"}	{"payments":{"credit-cards":"accepts-credit-cards"}}
Quinta do Meloal (CAS lda)	Farmers market	Farmers market			351 919 450 723	Quinta do Meloal (CAS lda), Arjona,cx 149-A, Estoi, 8005-411 Faro, Portugal	Faro	Distrito de Faro	Faro	-7.91891	37.065065							{"monday":null,"tuesday":null,"wednesday":null,"thursday":null,"friday":null,"saturday":null,"sunday":null}	{"accessibility":{"wheelchair-accessible-entrance":"has-wheelchair-accessible-entrance","wheelchair-accessible-parking-lot":"has-wheelchair-accessible-parking-lot"}}
Campo da Feira	Farmers market	Farmers market				Campo da Feira, Av. Amílcar Neto 270, 4620-687 Lousada, Portugal	Lousada	Distrito do Porto	Lousada	-8.2784631	41.276566							{"monday":null,"tuesday":null,"wednesday":null,"thursday":null,"friday":null,"saturday":null,"sunday":null}	{"accessibility":{"wheelchair-accessible-entrance":"has-wheelchair-accessible-entrance","wheelchair-accessible-parking-lot":"has-wheelchair-accessible-parking-lot"}}
Mercado de Vila Nova de Milfontes	Farmers market	Farmers market				Mercado de Vila Nova de Milfontes, R. da Praça, 7645-218 Vila Nova de Milfontes, Portugal	Vila Nova de Milfontes	Distrito de Beja	Odemira	-8.7830567	37.7290472							{"monday":"closed","tuesday":"830-am-2-pm","wednesday":"830-am-2-pm","thursday":"830-am-2-pm","friday":"830-am-2-pm","saturday":"830-am-2-pm","sunday":"830-am-2-pm"}	{"accessibility":{"wheelchair-accessible-entrance":"has-wheelchair-accessible-entrance","wheelchair-accessible-parking-lot":"has-wheelchair-accessible-parking-lot"},"amenities":{"restroom":"has-restroom"},"payments":{"credit-cards":"accepts-credit-cards","debit-cards":"accepts-debit-cards"}}
Mercado Municipal	Farmers market	Farmers market				Mercado Municipal, Pça Sacadura Cabral, 7860-207 Moura, Portugal	Moura	Distrito de Beja	Moura	-7.4508752	38.1430129							{"monday":null,"tuesday":null,"wednesday":null,"thursday":null,"friday":null,"saturday":null,"sunday":null}	
Drogaria Feira Nova - Manuel Moreira & Cª, Lda	Building materials store	Appliance store,Building materials store,Electronics store,Farm equipment supplier,Farmers market,Home goods store,Paint store,Plumbing supply store,Pottery store,Tool store	https://www.drogariafeiranova.com.pt	https://www.drogariafeiranova.com.pt	+351 22 981 2698	Drogaria Feira Nova - Manuel Moreira & Cª, Lda, R. Vale do Coronado 1629, 4745-417 Trofa, Portugal	Trofa	Distrito do Porto	Maia	-8.5747466	41.2664152	info@drogariafeiranova.com.pt						{"monday":["8-am-1230-pm","2-7-pm"],"tuesday":["8-am-1230-pm","2-7-pm"],"wednesday":["8-am-1230-pm","2-7-pm"],"thursday":["8-am-1230-pm","2-7-pm"],"friday":["8-am-1230-pm","2-7-pm"],"saturday":"8-am-1-pm","sunday":"closed"}	{"service-options":{"delivery":"offers-delivery"},"planning":{"quick-visit":"good-for-quick-visit"},"payments":{"checks":"accepts-checks","credit-cards":"accepts-credit-cards","debit-cards":"accepts-debit-cards","nfc-mobile-payments":"accepts-nfc-mobile-payments"}}
Húmus Agricultura Biológica	Farmers market	Farmers market,Organic farm,Organic shop			351 932 687 337	Húmus Agricultura Biológica, Tv. Anselmo Braancamp 53, 4410-359 Arcozelo, Portugal	Arcozelo	Distrito do Porto	Vila Nova de Gaia	-8.6402293	41.0423839							{"monday":"closed","tuesday":"10-am-7-pm","wednesday":"10-am-7-pm","thursday":"10-am-7-pm","friday":"10-am-730-pm","saturday":"9-am-5-pm","sunday":"closed"}	{"service-options":{"in-store-shopping":"has-in-store-shopping"},"accessibility":{"wheelchair-accessible-entrance":"has-wheelchair-accessible-entrance","wheelchair-accessible-parking-lot":"has-wheelchair-accessible-parking-lot"},"payments":{"credit-cards":"accepts-credit-cards","debit-cards":"accepts-debit-cards"}}
Mercado Biológico de Matosinhos	Farmers market	Farmers market	https://lifecooler.com/artigo/atividades/mercado-biologico-de-matosinhos/405338	https://lifecooler.com		Mercado Biológico de Matosinhos, Parque Basílio Teles, 4450-030 Matosinhos, Portugal	Matosinhos	Distrito do Porto	Matosinhos	-8.6840396	41.1828613		https://facebook.com/lifecooler.pt		https://twitter.com/lifecoolerpt	https://instagram.com/lifecooler.oficial		{"monday":"closed","tuesday":"closed","wednesday":"closed","thursday":"closed","friday":"closed","saturday":"8-am-2-pm","sunday":"closed"}	{"accessibility":{"wheelchair-accessible-entrance":"has-wheelchair-accessible-entrance"}}
Agro Oliveira	Farmers market	Farmers market			351 914 906 641	Agro Oliveira, R. de Areias 95, Braga, Portugal	Braga	Distrito de Braga	Braga	-8.3712593	41.5679839							{"monday":"9-am-7-pm","tuesday":"9-am-7-pm","wednesday":"9-am-7-pm","thursday":"9-am-7-pm","friday":"9-am-7-pm","saturday":"9-am-1230-pm","sunday":"closed"}	{"accessibility":{"wheelchair-accessible-entrance":"has-wheelchair-accessible-entrance","wheelchair-accessible-parking-lot":"has-wheelchair-accessible-parking-lot"}}
Pagromil	Farmers market	Farmers market	https://www.facebook.com/pagromillda	https://www.facebook.com	351 253 287 548	Pagromil, R. da Lameira 80, 4710-093 Gualtar, Portugal	Gualtar	Distrito de Braga	Braga	-8.3871927	41.5654306	pagromil@sapo.pt	https://facebook.com/pagromillda					{"monday":"830-am-630-pm","tuesday":"830-am-630-pm","wednesday":"830-am-630-pm","thursday":"830-am-630-pm","friday":"830-am-630-pm","saturday":"830-am-1-pm","sunday":"closed"}	{"payments":{"credit-cards":"accepts-credit-cards","debit-cards":"accepts-debit-cards"}}
Frutaria da Rosinha	Farmers market	Farmers market				Frutaria da Rosinha, R. Manuel Morais 8, 4990-083 Pte. de Lima, Portugal	Ponte de Lima	Distrito de Viana do Castelo	Ponte de Lima	-8.5835195	41.7677591							{"monday":null,"tuesday":null,"wednesday":null,"thursday":null,"friday":null,"saturday":null,"sunday":null}	
Berrylima, Lda	Farmers market	Farmers market	http://www.berrylima.com	http://www.berrylima.com	351 912 036 687	Berrylima, Lda, Arcos, Portugal	Arcos	Distrito de Viana do Castelo	Ponte de Lima	-8.6468112	41.7656009	berrylima@sapo.pt						{"monday":"open-24-hours","tuesday":"open-24-hours","wednesday":"open-24-hours","thursday":"open-24-hours","friday":"open-24-hours","saturday":"open-24-hours","sunday":"open-24-hours"}	{"accessibility":{"wheelchair-accessible-entrance":"has-wheelchair-accessible-entrance","wheelchair-accessible-parking-lot":"has-wheelchair-accessible-parking-lot"}}
S.E.E.D - Sociedade Europeia de Exportação e Distribuição, S.A.	Seed supplier	Farmers market,Organic farm,Outlet mall,Seed supplier	http://www.seed.pt	http://www.seed.pt	+351 22 605 1160	S.E.E.D - Sociedade Europeia de Exportação e Distribuição, S.A., R. Silva Aroso 1342, 4455-594 Perafita, Portugal	Perafita	Distrito do Porto	Matosinhos	-8.7004597	41.2383867	info@seed.pt	https://facebook.com/profile.php	https://youtube.com/channel/UCdJdISP2jXUxBglXAHdcpSw	https://twitter.com/editorx	https://instagram.com/seed.iberia	https://linkedin.com/company/2976994/admin/feed/posts	{"monday":["9-am-12-pm","2-7-pm"],"tuesday":["9-am-12-pm","2-7-pm"],"wednesday":["9-am-12-pm","2-7-pm"],"thursday":["9-am-12-pm","2-7-pm"],"friday":["9-am-12-pm","2-7-pm"],"saturday":"closed","sunday":"closed"}	{"accessibility":{"wheelchair-accessible-entrance":"has-wheelchair-accessible-entrance","wheelchair-accessible-parking-lot":"has-wheelchair-accessible-parking-lot"}}
Casa da Lavoura José Eugénio Prod. Agric. Jardinagem, Unipessoal, Lda.	Farmers market	Farmers market			351 241 855 121	Casa da Lavoura José Eugénio Prod. Agric. Jardinagem, Unipessoal, Lda., R. Dr. Álvaro Andrade e Silva Passarinho 10, 2230-138 Sardoal, Portugal	Sardoal	Distrito de Santarém	Sardoal	-8.162088	39.5361855							{"monday":["9-am-1-pm","3-530-pm"],"tuesday":["9-am-1-pm","3-530-pm"],"wednesday":["9-am-1-pm","3-530-pm"],"thursday":["9-am-1-pm","3-530-pm"],"friday":["9-am-1-pm","3-530-pm"],"saturday":"9-am-1-pm","sunday":"closed"}	{"accessibility":{"wheelchair-accessible-entrance":"has-wheelchair-accessible-entrance","wheelchair-accessible-parking-lot":"has-wheelchair-accessible-parking-lot"}}
NETRURAL Comércio De Produtos Agro-Pecuários, LDA	Manufacturer	Agricultural service,Farm equipment supplier,Farmers market,Manufacturer,Pet supply store	http://www.netrural.pt	http://www.netrural.pt	351 252 418 454	NETRURAL Comércio De Produtos Agro-Pecuários, LDA, R. Dom Sancho I 2671, 4760-485 Vila Nova de Famalicão, Portugal	Vila Nova de Famalicão	Distrito de Braga	Vila Nova de Famalicão	-8.602054	41.373335							{"monday":["9-am-1230-pm","2-7-pm"],"tuesday":["9-am-1230-pm","2-7-pm"],"wednesday":["9-am-1230-pm","2-7-pm"],"thursday":["9-am-1230-pm","2-7-pm"],"friday":["9-am-1230-pm","2-7-pm"],"saturday":"9-am-1230-pm","sunday":"closed"}	{"accessibility":{"wheelchair-accessible-entrance":"has-wheelchair-accessible-entrance","wheelchair-accessible-parking-lot":"has-wheelchair-accessible-parking-lot"}}
Mercado do Calhabé	Farmers market	Farmers market				Mercado do Calhabé, Tv. dos Combatentes da Grande Guerra 8, Coimbra, Portugal	Coimbra	Distrito de Coimbra	Coimbra	-8.4137858	40.2024234							{"monday":"830-am-6-pm","tuesday":"830-am-6-pm","wednesday":"830-am-6-pm","thursday":"830-am-6-pm","friday":"830-am-6-pm","saturday":"8-am-2-pm","sunday":"closed"}	{"accessibility":{"wheelchair-accessible-entrance":"has-wheelchair-accessible-entrance","wheelchair-accessible-parking-lot":"has-wheelchair-accessible-parking-lot"},"payments":{"credit-cards":"accepts-credit-cards","debit-cards":"accepts-debit-cards","nfc-mobile-payments":"accepts-nfc-mobile-payments"}}
Planafarm	Farmers market	Corporate office,Farmers market	https://www.planafarm.com	https://www.planafarm.com		Planafarm, MARL, Av. de Santa Maria – B05 701, 2660-421, Portugal	São Julião do Tojal	Distrito de Lisboa	Vila Franca de Xira	-9.1045398	38.8673913	info@planafarm.com	https://facebook.com/planafarm			https://instagram.com/planafarm	https://linkedin.com/company/planafarm	{"monday":"open-24-hours","tuesday":"open-24-hours","wednesday":"open-24-hours","thursday":"open-24-hours","friday":"open-24-hours","saturday":"open-24-hours","sunday":"open-24-hours"}	{"accessibility":{"wheelchair-accessible-entrance":"has-wheelchair-accessible-entrance","wheelchair-accessible-parking-lot":"has-wheelchair-accessible-parking-lot"}}
Mercado Biológico Agrobio - Loures	Farmers market	Farmers market	http://agrobio.pt/consumidor/mercados-agrobio	http://agrobio.pt	+351 21 364 1354	Mercado Biológico Agrobio - Loures, 2670-389 Loures, Portugal	Loures	Distrito de Lisboa	Loures	-9.1616628	38.8418788	geral@agrobio.pt	https://facebook.com/agrobioagriculturabiologica			https://instagram.com/agrobio_portugal	https://linkedin.com/company/agrobiopt	{"monday":"closed","tuesday":"closed","wednesday":"closed","thursday":"closed","friday":"closed","saturday":"7-am-12-pm","sunday":"closed"}	
Sociedade Agrícola Carlos Pinheiro, Lda.	Farmers market	Farmers market			351 263 769 254	Sociedade Agrícola Carlos Pinheiro, Lda., R. Nossa Sra. do Amparo 6, Penafirme, Portugal		Distrito de Lisboa	Alenquer	-9.0914453	39.1323854							{"monday":["9-am-130-pm","230-6-pm"],"tuesday":"9-am-6-pm","wednesday":"9-am-6-pm","thursday":"9-am-6-pm","friday":"9-am-6-pm","saturday":"9-am-2-pm","sunday":"closed"}	{"accessibility":{"wheelchair-accessible-entrance":"has-wheelchair-accessible-entrance"}}
Ana Maria Fidalgo	Farmers market	Farmers market	http://www.anamariafidalgo.pt	http://www.anamariafidalgo.pt	+351 21 982 7800	Ana Maria Fidalgo, R. Mal. Craveiro Lopes 82-C, Loures, Portugal	Loures	Distrito de Lisboa	Loures	-9.1718194	38.8456042	geral@anamariafidalgo.pt						{"monday":null,"tuesday":null,"wednesday":null,"thursday":null,"friday":null,"saturday":null,"sunday":null}	
Mercado Biológico Agrobio - Amadora	Farmers market	Farmers market	https://agrobio.pt/consumidor/mercados-agrobio	https://agrobio.pt	+351 21 364 1354	Mercado Biológico Agrobio - Amadora, Av. da República 10, 2700-159 Amadora, Portugal	Amadora	Distrito de Lisboa	Amadora	-9.2367904	38.7595151	geral@agrobio.pt	https://facebook.com/agrobioagriculturabiologica			https://instagram.com/agrobio_portugal	https://linkedin.com/company/agrobiopt	{"monday":null,"tuesday":null,"wednesday":null,"thursday":null,"friday":null,"saturday":null,"sunday":null}	{"accessibility":{"wheelchair-accessible-entrance":"has-wheelchair-accessible-entrance"},"payments":{"debit-cards":"accepts-debit-cards"}}
Mercado Abastecedor de Aveiro	Farmers market	Farmers market				Mercado Abastecedor de Aveiro, R. Do Sol, 3800-639 Cacia, Portugal	Cacia	Distrito de Aveiro	Aveiro	-8.6067801	40.6571504							{"monday":"5-11-pm","tuesday":"closed","wednesday":"5-11-pm","thursday":"closed","friday":"5-11-pm","saturday":"closed","sunday":"closed"}	{"accessibility":{"wheelchair-accessible-entrance":"has-wheelchair-accessible-entrance","wheelchair-accessible-parking-lot":"has-wheelchair-accessible-parking-lot"}}
Mercado Municipal de Ílhavo	Farmers market	Farmers market			351 234 321 725	Mercado Municipal de Ílhavo, Parque Urbano da Senhora do Pranto, 3830-046 Ílhavo, Portugal	Ilhavo	Distrito de Aveiro	Ílhavo	-8.6627471	40.5971008							{"monday":"closed","tuesday":"closed","wednesday":"closed","thursday":"closed","friday":"7-am-1-pm","saturday":"7-am-1-pm","sunday":"closed"}	{"accessibility":{"wheelchair-accessible-entrance":"has-wheelchair-accessible-entrance","wheelchair-accessible-parking-lot":"has-wheelchair-accessible-parking-lot","wheelchair-accessible-restroom":"has-wheelchair-accessible-restroom"},"amenities":{"restroom":"has-restroom"}}
Quinta dos 5 Outeiros	Farmers market	Farmers market	http://agropecuaria-de-alcanhoes.webnode.pt	http://agropecuaria-de-alcanhoes.webnode.pt	351 937 467 325	Quinta dos 5 Outeiros, Quinta dos cinco Outeiros, 2000-352 Alcanhões, Portugal	Alcanhões	Distrito de Santarém	Santarém	-8.644276	39.2842822	agropecuariaalcanhoes@hotmail.com	https://facebook.com/webnodeportugues	https://youtube.com/channel/UCat0iZV18i2YFXk16xXXzzg	https://twitter.com/webnode	https://instagram.com/webnode_ag	https://linkedin.com/company/webnode-ag	{"monday":"open-24-hours","tuesday":"open-24-hours","wednesday":"open-24-hours","thursday":"open-24-hours","friday":"open-24-hours","saturday":"open-24-hours","sunday":"open-24-hours"}	{"accessibility":{"wheelchair-accessible-entrance":"has-wheelchair-accessible-entrance","wheelchair-accessible-parking-lot":"has-wheelchair-accessible-parking-lot"},"payments":{"debit-cards":"accepts-debit-cards"}}
David Grilo Lda	Agricultural service	Agricultural service			351 964 086 508	David Grilo Lda, Zona Industrial de Almeirim, Rua D 19, 2080-221 Almeirim, Portugal	Almeirim	Distrito de Santarém	Almeirim	-8.6247219	39.1945331							{"monday":"830-am-530-pm","tuesday":"830-am-530-pm","wednesday":"830-am-530-pm","thursday":"830-am-530-pm","friday":"830-am-530-pm","saturday":"830-am-530-pm","sunday":"closed"}	{"from-the-business":{"identifies-as-women-owned":"identifies-as-women-owned"},"accessibility":{"wheelchair-accessible-parking-lot":"has-wheelchair-accessible-parking-lot"}}
Quinta das Laranjeiras	Farmers market	Farmers market	http://www.verdecaldas.com	http://www.verdecaldas.com	351 915 267 859	Quinta das Laranjeiras, R. Padre Bonifácio, Carvalhal Benfeito, Portugal	Carvalhal Benfeito	Distrito de Leiria	Caldas da Rainha	-9.0397451	39.436704	verdecaldas@gmail.com	https://facebook.com/wordpresscom					{"monday":null,"tuesday":null,"wednesday":null,"thursday":null,"friday":null,"saturday":null,"sunday":null}	{"accessibility":{"wheelchair-accessible-car-park":"has-wheelchair-accessible-car-park","wheelchair-accessible-entrance":"has-wheelchair-accessible-entrance"}}
Vitalcampo, Lda	Farmers market	Farmers market			351 262 148 698	Vitalcampo, Lda, Nº 11 - Murteira, R. Padre José Inácio Pereira, 2550-368, Portugal		Distrito de Lisboa	Cadaval	-9.0682647	39.2344411							{"monday":"9-am-7-pm","tuesday":"9-am-7-pm","wednesday":"9-am-7-pm","thursday":"9-am-7-pm","friday":"9-am-7-pm","saturday":"9-am-7-pm","sunday":"closed"}	{"accessibility":{"wheelchair-accessible-entrance":"has-wheelchair-accessible-entrance","wheelchair-accessible-parking-lot":"has-wheelchair-accessible-parking-lot"},"payments":{"debit-cards":"accepts-debit-cards","nfc-mobile-payments":"accepts-nfc-mobile-payments","credit-cards":["mastercard"]}}
Couto & Lourenço lda	Farmers market	Farmers market			351 914 522 811	Couto & Lourenço lda, R. 4 de Julho 6, Vimeiro, Portugal	Vimeiro	Distrito de Leiria	Alcobaça	-9.0363142	39.4726957							{"monday":"open-24-hours","tuesday":"open-24-hours","wednesday":"open-24-hours","thursday":"open-24-hours","friday":"open-24-hours","saturday":"open-24-hours","sunday":"open-24-hours"}	{"accessibility":{"wheelchair-accessible-entrance":"has-wheelchair-accessible-entrance","wheelchair-accessible-parking-lot":"has-wheelchair-accessible-parking-lot"}}
Cidipec	Farmers market	Farmers market,Grocery store			351 244 765 312	Cidipec, R. Principal nº15, 2440-036 Batalha, Portugal	Batalha	Distrito de Leiria	Batalha	-8.8154978	39.6543984							{"monday":["9-am-130-pm","230-7-pm"],"tuesday":["9-am-130-pm","230-7-pm"],"wednesday":["9-am-130-pm","230-7-pm"],"thursday":["9-am-130-pm","230-7-pm"],"friday":["9-am-130-pm","230-7-pm"],"saturday":"9-am-130-pm","sunday":"closed"}	{"accessibility":{"wheelchair-accessible-entrance":"has-wheelchair-accessible-entrance","wheelchair-accessible-parking-lot":"has-wheelchair-accessible-parking-lot"}}
Grândola Farmer's Market at Road	Farmers market	Farmers market				Grândola Farmer's Market at Road, Grândola, Portugal	Grândola	Distrito de Setúbal	Grândola	-8.5544737	38.2298902							{"monday":null,"tuesday":null,"wednesday":null,"thursday":null,"friday":null,"saturday":null,"sunday":null}	{"accessibility":{"wheelchair-accessible-entrance":"has-wheelchair-accessible-entrance","wheelchair-accessible-parking-lot":"has-wheelchair-accessible-parking-lot"},"payments":{"credit-cards":"accepts-credit-cards"}}
Praia das Maçãs Market	Farmers market	Farmers market				Praia das Maçãs Market, Av. Eugene Levy 31, Praia das Maçãs, 2705-304 Colares, Portugal	Colares	Distrito de Lisboa	Sintra	-9.4673798	38.824651							{"monday":"closed","tuesday":"7-am-130-pm","wednesday":"7-am-130-pm","thursday":"7-am-130-pm","friday":"7-am-130-pm","saturday":"7-am-130-pm","sunday":"7-am-130-pm"}	{"accessibility":{"wheelchair-accessible-entrance":"has-wheelchair-accessible-entrance","wheelchair-accessible-parking-lot":"has-wheelchair-accessible-parking-lot","wheelchair-accessible-restroom":"has-wheelchair-accessible-restroom"},"amenities":{"restroom":"has-restroom"},"payments":{"credit-cards":"accepts-credit-cards","debit-cards":"accepts-debit-cards","nfc-mobile-payments":"accepts-nfc-mobile-payments"}}
Celeiro de Lafões	Farmers market	Farmers market	https://www.facebook.com/celeirodelafoes	https://www.facebook.com	351 232 763 373	Celeiro de Lafões, Rua dos Vales, Rua das Vales s/n, 3680-322, Portugal	Souto de Lafões	Distrito de Viseu	Oliveira de Frades	-8.1774271	40.7163338	celeirodelafoes@gmail.com	https://facebook.com/celeirodelafoes					{"monday":["830-am-1230-pm","230-630-pm"],"tuesday":["830-am-1230-pm","230-630-pm"],"wednesday":["830-am-1230-pm","230-630-pm"],"thursday":["830-am-1230-pm","130-630-pm"],"friday":["830-am-1230-pm","230-630-pm"],"saturday":"9-am-1-pm","sunday":"closed"}	{"emergency-help":{"accepts-donations":"accepts-donations"},"service-options":{"in-store-shopping":"has-in-store-shopping"},"accessibility":{"wheelchair-accessible-entrance":"has-wheelchair-accessible-entrance","wheelchair-accessible-parking-lot":"has-wheelchair-accessible-parking-lot"},"payments":{"credit-cards":"accepts-credit-cards","debit-cards":"accepts-debit-cards","nfc-mobile-payments":"accepts-nfc-mobile-payments"},"parking":{"free-parking-garage":"free-parking-garage","free-parking-lot":"free-parking-lot","on-site-parking":"on-site-parking"}}
Nuts 4 Berries, Lda	Agricultural production	Agricultural production,Farmers market			351 289 092 535	Nuts 4 Berries, Lda, Caminho Agrícola Biogal, 8005-412 Faro, Portugal	Faro	Distrito de Faro	Faro	-7.9636787	37.057021							{"monday":null,"tuesday":null,"wednesday":null,"thursday":null,"friday":null,"saturday":null,"sunday":null}	{"accessibility":{"wheelchair-accessible-entrance":"has-wheelchair-accessible-entrance","wheelchair-accessible-parking-lot":"has-wheelchair-accessible-parking-lot"}}
Mercado 25 de Abril	Farmers market	Farmers market				Mercado 25 de Abril, R. do Mercado A, 8650-372 Sagres, Portugal	Sagres	Distrito de Faro	Vila do Bispo	-8.9398606	37.0127184							{"monday":"closed","tuesday":"8-am-1-pm","wednesday":"8-am-1-pm","thursday":"8-am-1-pm","friday":"8-am-1-pm","saturday":"8-am-1-pm","sunday":"closed"}	{"accessibility":{"wheelchair-accessible-entrance":"has-wheelchair-accessible-entrance","wheelchair-accessible-parking-lot":"has-wheelchair-accessible-parking-lot","wheelchair-accessible-restroom":"has-wheelchair-accessible-restroom"},"amenities":{"restroom":"has-restroom"}}
Feira Cultural de Coimbra	Farmers market	Farmers market				Feira Cultural de Coimbra, Parque Dr. Manoel Braga, Portugal	Coimbra	Distrito de Coimbra	Coimbra	-8.4102573	40.2033145							{"monday":null,"tuesday":null,"wednesday":null,"thursday":null,"friday":null,"saturday":null,"sunday":null}	{"accessibility":{"wheelchair-accessible-entrance":"has-wheelchair-accessible-entrance"}}
Agro Tavares & Marques	Farmers market	Farmers market				Agro Tavares & Marques, EM617, Reigoso, Portugal	Reigoso	Distrito de Viseu	Oliveira de Frades	-8.2586751	40.6949566							{"monday":null,"tuesday":null,"wednesday":null,"thursday":null,"friday":null,"saturday":null,"sunday":null}	{"accessibility":{"wheelchair-accessible-entrance":"has-wheelchair-accessible-entrance","wheelchair-accessible-parking-lot":"has-wheelchair-accessible-parking-lot"},"payments":{"credit-cards":"accepts-credit-cards","debit-cards":"accepts-debit-cards"}}
Bagas da Silva	Farmers market	Farmers market			351 918 055 985	Bagas da Silva, 3670-043, Portugal		Distrito de Viseu	Vouzela	-8.1453709	40.6899893							{"monday":null,"tuesday":null,"wednesday":null,"thursday":null,"friday":null,"saturday":null,"sunday":null}	{"accessibility":{"wheelchair-accessible-entrance":"has-wheelchair-accessible-entrance"}}
Casa Agrícola	Farmers market	Farmers market			351 255 732 452	Casa Agrícola, R. Dom José de Arrochela 4550 396, 4575-215 Castelo de Paiva, Portugal	Castelo de Paiva	Distrito de Aveiro	Castelo de Paiva	-8.2727266	41.0447893							{"monday":null,"tuesday":null,"wednesday":null,"thursday":null,"friday":null,"saturday":null,"sunday":null}	{"accessibility":{"wheelchair-accessible-parking-lot":"has-wheelchair-accessible-parking-lot"},"payments":{"credit-cards":"accepts-credit-cards","debit-cards":"accepts-debit-cards"}}
Mercadinho Biológico e Artesanal de Guimarães	Farmers market	Farmers market	https://www.facebook.com/mercadinhoguimaraes	https://www.facebook.com	351 912 840 699	Mercadinho Biológico e Artesanal de Guimarães, R. Alfredo Guimarães 27, 4810-431 Guimarães, Portugal	Guimaraes	Distrito de Braga	Guimarães	-8.2926639	41.4427541	biomercadinho@gmail.com	https://facebook.com/mercadinhoguimaraes					{"monday":null,"tuesday":null,"wednesday":null,"thursday":null,"friday":null,"saturday":null,"sunday":null}	{"accessibility":{"wheelchair-accessible-entrance":"has-wheelchair-accessible-entrance"}}
Mercado de Riba de Ave	Farmers market	Farmers market				Mercado de Riba de Ave, Av. Narciso Ferreira 73, 4765-202 Riba d'Ave, Portugal	Riba d'Ave	Distrito de Braga	Vila Nova de Famalicão	-8.3968058	41.3898888							{"monday":"open-24-hours","tuesday":"open-24-hours","wednesday":"open-24-hours","thursday":"open-24-hours","friday":"open-24-hours","saturday":"open-24-hours","sunday":"open-24-hours"}	{"accessibility":{"wheelchair-accessible-entrance":"has-wheelchair-accessible-entrance","wheelchair-accessible-parking-lot":"has-wheelchair-accessible-parking-lot"}}
Mercadinho de Produtores	Farmers market	Farmers market				Mercadinho de Produtores, Av. 5 de Outubro 99, 8700-304 Olhão, Portugal	Olhão	Distrito de Faro	Olhão	-7.8405409	37.023481							{"monday":"closed","tuesday":"closed","wednesday":"closed","thursday":"closed","friday":"closed","saturday":"830-am-1-pm","sunday":"closed"}	{"accessibility":{"wheelchair-accessible-entrance":"has-wheelchair-accessible-entrance","wheelchair-accessible-parking-lot":"has-wheelchair-accessible-parking-lot"}}
Cooperativa Dos Produtores Agricolas Do Concelho De Valongo, Crl.	Farmers market	Farmers market	https://loja.coopvalongo.pt	https://loja.coopvalongo.pt	+351 22 421 9160	Cooperativa Dos Produtores Agricolas Do Concelho De Valongo, Crl., R. Dom Pedro IV 615 25, 4440-633 Valongo, Portugal	Valongo	Distrito do Porto	Valongo	-8.5049228	41.198819							{"monday":["9-am-1230-pm","2-6-pm"],"tuesday":["9-am-1230-pm","2-6-pm"],"wednesday":["9-am-1230-pm","2-6-pm"],"thursday":["9-am-1230-pm","2-6-pm"],"friday":["9-am-1230-pm","2-6-pm"],"saturday":"9-am-1230-pm","sunday":"closed"}	{"accessibility":{"wheelchair-accessible-entrance":"has-wheelchair-accessible-entrance","wheelchair-accessible-parking-lot":"has-wheelchair-accessible-parking-lot"},"payments":{"credit-cards":"accepts-credit-cards","debit-cards":"accepts-debit-cards"}}
Cooperativa agricultores Santo Tirso E Trofa	Farmers market	Farmers market			351 252 808 730	Cooperativa agricultores Santo Tirso E Trofa, R. Giesteira 150, Santo Tirso, Portugal	Santo Tirso	Distrito do Porto	Santo Tirso	-8.4812988	41.3348699							{"monday":["9-am-1-pm","2-6-pm"],"tuesday":["9-am-1-pm","2-6-pm"],"wednesday":["9-am-1-pm","2-6-pm"],"thursday":["9-am-1-pm","2-6-pm"],"friday":["9-am-1-pm","2-6-pm"],"saturday":"9-am-1230-pm","sunday":"closed"}	{"accessibility":{"wheelchair-accessible-entrance":"has-wheelchair-accessible-entrance","wheelchair-accessible-parking-lot":"has-wheelchair-accessible-parking-lot"},"payments":{"credit-cards":"accepts-credit-cards","debit-cards":"accepts-debit-cards"}}
Mercado Municipal	Farmers market	Farmers market	http://www.cm-sardoal.pt	http://www.cm-sardoal.pt	351 241 851 498	Mercado Municipal, R. Lúcio Serras Pereira, 2230-139 Sardoal, Portugal	Sardoal	Distrito de Santarém	Sardoal	-8.1616571	39.534611	emergencia.social@cm-sardoal.pt	https://facebook.com/municipiodesardoal	https://youtube.com/channel/UCIBtnsTVQElC22syv66NQ-Q	https://twitter.com/câmara municipal de sardoal	https://instagram.com/municipio_de_sardoal		{"monday":"closed","tuesday":"730-am-1-pm","wednesday":"closed","thursday":"closed","friday":"730-am-1-pm","saturday":"730-am-1-pm","sunday":"closed"}	{"accessibility":{"wheelchair-accessible-entrance":"has-wheelchair-accessible-entrance","wheelchair-accessible-parking-lot":"has-wheelchair-accessible-parking-lot"}}
Peixaria Isabel & Filho	Seafood market	Seafood market	https://fernandomanuelcinz.wixsite.com/website	https://fernandomanuelcinz.wixsite.com	351 966 014 919	Peixaria Isabel & Filho, Mercado Municipal, Praça Prof. Bento Jesus Caraça, 7050-112 Montemor-o-Novo, Portugal	Montemor-o-Novo	Distrito de Évora	Montemor-O-Novo	-8.216309	38.6478881	fernandomanuelcinzas@gmail.com	https://facebook.com/peixaria-isabel-106687937868308					{"monday":"closed","tuesday":"8-am-2-pm","wednesday":"8-am-2-pm","thursday":"8-am-2-pm","friday":"8-am-2-pm","saturday":"7-am-2-pm","sunday":"closed"}	{"accessibility":{"wheelchair-accessible-entrance":"has-wheelchair-accessible-entrance","wheelchair-accessible-parking-lot":"has-wheelchair-accessible-parking-lot"}}
Frutas S.Fautino	Farmers market	Farmers market			351 967 051 482	Frutas S.Fautino, Calçada do Bairro, 4815-744 São Paio Vizela, Portugal	São Paio Vizela	Distrito de Braga	Vizela	-8.2654081	41.3883296							{"monday":"closed","tuesday":"closed","wednesday":"closed","thursday":"closed","friday":"closed","saturday":"closed","sunday":"8-am-1-pm"}	{"accessibility":{"wheelchair-accessible-entrance":"has-wheelchair-accessible-entrance","wheelchair-accessible-parking-lot":"has-wheelchair-accessible-parking-lot"}}
Cunicultura - Marguerita Teixeira Monteiro	Farmers market	Farmers market			351 937 650 312	Cunicultura - Marguerita Teixeira Monteiro, Portugal		Distrito de Vila Real	Vila Pouca de Aguiar	-7.6510575	41.4742532							{"monday":"8-am-8-pm","tuesday":"8-am-8-pm","wednesday":"8-am-8-pm","thursday":"8-am-8-pm","friday":"8-am-8-pm","saturday":"8-am-8-pm","sunday":"closed"}	{"accessibility":{"wheelchair-accessible-entrance":"has-wheelchair-accessible-entrance","wheelchair-accessible-parking-lot":"has-wheelchair-accessible-parking-lot"}}
AgroParanho	Farmers market	Farmers market				AgroParanho, R. Carreira Gasta 39, 3465-103 Caparrosa, Portugal	Caparrosa	Distrito de Viseu	Tondela	-8.099872	40.6124607							{"monday":null,"tuesday":null,"wednesday":null,"thursday":null,"friday":null,"saturday":null,"sunday":null}	
Antigo Mercado Municipal	Farmers market	Farmers market				Antigo Mercado Municipal, Largo República 35, 3460-588 Tondela, Portugal	Tondela	Distrito de Viseu	Tondela	-8.0791992	40.5169933							{"monday":null,"tuesday":null,"wednesday":null,"thursday":null,"friday":null,"saturday":null,"sunday":null}	{"accessibility":{"wheelchair-accessible-entrance":"has-wheelchair-accessible-entrance","wheelchair-accessible-parking-lot":"has-wheelchair-accessible-parking-lot"}}
Pereira & Almeida, lda	Farmers market	Farmers market			351 254 858 151	Pereira & Almeida, lda, Av. Nossa Sra. das Neves, Armamar, Portugal	Armamar	Distrito de Viseu	Armamar	-7.6721519	41.0962322							{"monday":null,"tuesday":null,"wednesday":null,"thursday":null,"friday":null,"saturday":null,"sunday":null}	{"accessibility":{"wheelchair-accessible-entrance":"has-wheelchair-accessible-entrance","wheelchair-accessible-parking-lot":"has-wheelchair-accessible-parking-lot"}}
Chuva - Loja Agrícola	Farm shop	Farm shop	http://www.chuvalojaagricola.pt	http://www.chuvalojaagricola.pt	351 933 138 857	Chuva - Loja Agrícola, R. 29 de Junho 20 Loja B, 4750-847 Vila Frescainha (São Pedro), Portugal	Vila Frescainha	Distrito de Braga	Barcelos	-8.6372607	41.5264056	geral@chuvalojaagricola.pt	https://facebook.com/chuvalojaagricola	https://youtube.com/@chuvalojaagricola1463		https://instagram.com/chuvalojaagricola		{"monday":null,"tuesday":null,"wednesday":null,"thursday":null,"friday":null,"saturday":null,"sunday":null}	{"service-options":{"in-store-pickup":"in-store-pickup-for-online-orders","in-store-shopping":"has-in-store-shopping"},"accessibility":{"wheelchair-accessible-entrance":"has-wheelchair-accessible-entrance","wheelchair-accessible-parking-lot":"has-wheelchair-accessible-parking-lot"},"payments":{"debit-cards":"accepts-debit-cards"},"parking":{"free-parking-lot":"free-parking-lot","free-street-parking":"free-street-parking","on-site-parking":"on-site-parking"}}
Maiaflor	Wholesale florist	Distribution service,Farmers market,Flower delivery,Warehouse store,Wholesale florist			351 917 595 174	Maiaflor, R. Guilherme Sousa Silva 555, 4425-338 Folgosa, Portugal	Folgosa	Distrito do Porto	Maia	-8.5241295	41.2720566							{"monday":["8-am-1230-pm","2-5-pm"],"tuesday":["8-am-1230-pm","2-5-pm"],"wednesday":["8-am-1230-pm","2-5-pm"],"thursday":["8-am-1230-pm","2-5-pm"],"friday":["8-am-1230-pm","2-450-pm"],"saturday":"8-am-1230-pm","sunday":"closed"}	{"accessibility":{"wheelchair-accessible-entrance":"has-wheelchair-accessible-entrance","wheelchair-accessible-parking-lot":"has-wheelchair-accessible-parking-lot"},"payments":{"credit-cards":"accepts-credit-cards","debit-cards":"accepts-debit-cards"}}
Cooperativa Agricola de Barcelos	Farm shop	Farm shop,Farmers market,Manufacturer	http://www.agribar.pt	http://www.agribar.pt	351 253 808 020	Cooperativa Agricola de Barcelos, R. da Boela 252, 4750-782 Vila Boa, Portugal	Vila Boa	Distrito de Braga	Barcelos	-8.6181287	41.5535408	coop@agribar.pt	https://facebook.com/cooperativagricolabarcelos	https://youtube.com/channel/UChahlfi2QsCTA3amE5kvr9g				{"monday":["830-am-1230-pm","2-6-pm"],"tuesday":["830-am-1230-pm","2-6-pm"],"wednesday":["830-am-1230-pm","2-6-pm"],"thursday":["830-am-1230-pm","2-6-pm"],"friday":["830-am-1230-pm","2-6-pm"],"saturday":"830-am-1230-pm","sunday":"closed"}	{"service-options":{"in-store-shopping":"has-in-store-shopping"},"accessibility":{"wheelchair-accessible-entrance":"has-wheelchair-accessible-entrance","wheelchair-accessible-parking-lot":"has-wheelchair-accessible-parking-lot"},"planning":{"quick-visit":"good-for-quick-visit"},"payments":{"credit-cards":"accepts-credit-cards","debit-cards":"accepts-debit-cards","nfc-mobile-payments":"accepts-nfc-mobile-payments"}}
Jose Antonio Barbosa Moreira & Ca, Lda.	Farmers market	Farmers market			+351 22 433 7320	Jose Antonio Barbosa Moreira & Ca, Lda., R. Ernesto Silva 119, 4585-545 Sobreira, Portugal	Sobreira	Distrito do Porto	Paredes	-8.3963662	41.1539222							{"monday":["830-am-12-pm","2-7-pm"],"tuesday":["830-am-12-pm","2-7-pm"],"wednesday":["830-am-12-pm","2-7-pm"],"thursday":["830-am-12-pm","2-7-pm"],"friday":["830-am-12-pm","2-7-pm"],"saturday":"9-am-12-pm","sunday":"closed"}	{"service-options":{"in-store-shopping":"has-in-store-shopping"},"accessibility":{"wheelchair-accessible-entrance":"has-wheelchair-accessible-entrance","wheelchair-accessible-parking-lot":"has-wheelchair-accessible-parking-lot","wheelchair-accessible-restroom":"no-wheelchair-accessible-restroom","wheelchair-accessible-seating":"no-wheelchair-accessible-seating"},"amenities":{"gender-neutral-restroom":"has-gender-neutral-restroom"},"crowd":{"lgbtq-friendly":"lgbtq-friendly","transgender-safespace":"transgender-safespace"},"payments":{"credit-cards":"accepts-credit-cards","debit-cards":"accepts-debit-cards","nfc-mobile-payments":"accepts-nfc-mobile-payments"},"parking":{"free-parking-lot":"free-parking-lot","free-street-parking":"free-street-parking","on-site-parking":"on-site-parking"},"pets":{"dogs-allowed":"dogs-allowed","dogs-allowed-inside":"dogs-allowed-inside"}}
Mercado Biológico Agrobio - Algés	Farmers market	Farmers market	http://agrobio.pt/consumidor/mercados-agrobio	http://agrobio.pt	+351 21 364 1354	Portugal, Algés, Mercado Biológico Agrobio - Algés	Algés	Distrito de Lisboa	Oeiras	-9.2306906	38.6990654	geral@agrobio.pt	https://facebook.com/agrobioagriculturabiologica			https://instagram.com/agrobio_portugal	https://linkedin.com/company/agrobiopt	{"monday":"closed","tuesday":"closed","wednesday":"closed","thursday":"closed","friday":"closed","saturday":"9-am-2-pm","sunday":"closed"}	{"accessibility":{"wheelchair-accessible-entrance":"has-wheelchair-accessible-entrance","wheelchair-accessible-parking-lot":"has-wheelchair-accessible-parking-lot"}}
Mercado Biológico Agrobio - Almada	Farmers market	Farmers market	http://agrobio.pt/consumidor/mercados-agrobio	http://agrobio.pt	+351 21 364 1354	Mercado Biológico Agrobio - Almada, Praça Movimento das Forças Armadas 7B, 2800-171 Almada, Portugal	Almada	Distrito de Setúbal	Almada	-9.1562242	38.6803063	geral@agrobio.pt	https://facebook.com/agrobioagriculturabiologica			https://instagram.com/agrobio_portugal	https://linkedin.com/company/agrobiopt	{"monday":"closed","tuesday":"closed","wednesday":"closed","thursday":"closed","friday":"closed","saturday":"9-am-2-pm","sunday":"closed"}	{"accessibility":{"wheelchair-accessible-entrance":"has-wheelchair-accessible-entrance","wheelchair-accessible-parking-lot":"has-wheelchair-accessible-parking-lot"}}
PERDIZLIXA	Farmers market	Farmers market			351 962 542 548	PERDIZLIXA, Rua Quinta da Igreja, 4615-561 Felgueiras, Portugal	Felgueiras	Distrito do Porto	Felgueiras	-8.1381563	41.3263474							{"monday":"830-am-6-pm","tuesday":"830-am-6-pm","wednesday":"830-am-6-pm","thursday":"830-am-6-pm","friday":"830-am-6-pm","saturday":"830-am-6-pm","sunday":"830-am-6-pm"}	{"accessibility":{"wheelchair-accessible-entrance":"has-wheelchair-accessible-entrance","wheelchair-accessible-parking-lot":"has-wheelchair-accessible-parking-lot"}}
Agricultor Otávio e Aurora	Organic farm	Farmers market,Organic farm			351 259 539 165	Agricultor Otávio e Aurora, Bairro Novo 16, Zebras, 5430-302, Portugal		Distrito de Vila Real	Valpaços	-7.3848962	41.4638934							{"monday":"8-am-8-pm","tuesday":"8-am-8-pm","wednesday":"8-am-8-pm","thursday":"8-am-8-pm","friday":"8-am-8-pm","saturday":"8-am-8-pm","sunday":"8-am-8-pm"}	{"accessibility":{"wheelchair-accessible-parking-lot":"has-wheelchair-accessible-parking-lot"}}
Azeites Milénium	Farm shop	Farm shop,Farmers market	http://www.azeitesmilenium.pt	http://www.azeitesmilenium.pt	351 278 203 115	Azeites Milénium, Zona Industrial 4 - Sector L, 5370-565 Mirandela, Portugal	Mirandela	Distrito de Bragança	Mirandela	-7.16669	41.501498	geral@azeitesmilenium.pt	https://facebook.com/profile.php					{"monday":["9-am-1230-pm","230-630-pm"],"tuesday":["9-am-1230-pm","230-630-pm"],"wednesday":["9-am-1230-pm","230-630-pm"],"thursday":["9-am-1230-pm","230-630-pm"],"friday":["9-am-1230-pm","230-630-pm"],"saturday":"closed","sunday":"closed"}	{"accessibility":{"wheelchair-accessible-entrance":"has-wheelchair-accessible-entrance","wheelchair-accessible-parking-lot":"has-wheelchair-accessible-parking-lot"}}
Mercado de Agricultura Biológica	Farmers market	Farmers market				Mercado de Agricultura Biológica, Av. Arriaga, São Martinho, 9000-045 Funchal, Portugal	Funchal	Madeira	Funchal	-16.9121261	32.6470217							{"monday":"closed","tuesday":"closed","wednesday":"9-am-1-pm","thursday":"closed","friday":"closed","saturday":"closed","sunday":"closed"}	{"accessibility":{"wheelchair-accessible-entrance":"has-wheelchair-accessible-entrance"},"payments":{"credit-cards":"accepts-credit-cards","debit-cards":"accepts-debit-cards","nfc-mobile-payments":"accepts-nfc-mobile-payments"}}
Santo da Serra Farmers Market	Farmers market	Farmers market	http://www.jf-santoantoniodaserra.pt	http://www.jf-santoantoniodaserra.pt		Santo da Serra Farmers Market, ER207 376, 9100-255 Santo António da Serra, Portugal	Santo António da Serra	Madeira	Machico	-16.8207314	32.7255697	juntadosanto@sapo.pt	https://facebook.com/juntasantodaserra		https://twitter.com/xxxxxxxxx			{"monday":"closed","tuesday":"closed","wednesday":"closed","thursday":"closed","friday":"closed","saturday":"9-am-5-pm","sunday":"9-am-5-pm"}	{"service-options":{"onsite-services":"onsite-services-available"},"accessibility":{"wheelchair-accessible-entrance":"has-wheelchair-accessible-entrance","wheelchair-accessible-parking-lot":"has-wheelchair-accessible-parking-lot"},"amenities":{"restroom":"has-restroom"}}
Mercado Municipal de Santana	Farmers market	Farmers market				Mercado Municipal de Santana, 9230-082 Santana, Portugal	Santana	Madeira	Santana	-16.8823979	32.804894							{"monday":"closed","tuesday":"closed","wednesday":"closed","thursday":"closed","friday":"10-am-6-pm","saturday":"10-am-6-pm","sunday":"10-am-6-pm"}	{"accessibility":{"wheelchair-accessible-entrance":"has-wheelchair-accessible-entrance","wheelchair-accessible-parking-lot":"has-wheelchair-accessible-parking-lot"},"amenities":{"restroom":"has-restroom"}}
Feira de Nossa Senhora da Assunção	Farmers market	Farmers market				Feira de Nossa Senhora da Assunção, CM1105, 4825, Portugal		Distrito do Porto	Santo Tirso	-8.445835	41.3244885							{"monday":null,"tuesday":null,"wednesday":null,"thursday":null,"friday":null,"saturday":null,"sunday":null}	{"accessibility":{"wheelchair-accessible-entrance":"has-wheelchair-accessible-entrance","wheelchair-accessible-parking-lot":"has-wheelchair-accessible-parking-lot"}}
A Neta do Laranjeiro - Frutas e Legumes do Produtor (entregas ao domicílio)	Fresh food market	Farmers market,Fresh food market,Greengrocer,Produce market,Vegetable wholesale market	https://www.instagram.com/netadolaranjeiro	https://www.instagram.com	351 939 436 799	A Neta do Laranjeiro - Frutas e Legumes do Produtor (entregas ao domicílio), Mercado Municipal, R. dos Varinos, 2600-000 Vila Franca de Xira, Portugal	Vila Franca de Xira	Distrito de Lisboa	Vila Franca de Xira	-8.9905875	38.953473					https://instagram.com/netadolaranjeiro		{"monday":"closed","tuesday":"closed","wednesday":"closed","thursday":"closed","friday":"closed","saturday":"8-am-1-pm","sunday":"closed"}	{"service-options":{"in-store-shopping":"has-in-store-shopping"},"accessibility":{"wheelchair-accessible-entrance":"has-wheelchair-accessible-entrance"},"amenities":{"gender-neutral-restroom":"has-gender-neutral-restroom"},"payments":{"debit-cards":"accepts-debit-cards"}}
Celeiro do Loureiro	Farmers market	Farmers market	http://www.facebook.com/celeirode.loureiro	http://www.facebook.com	351 256 692 391	Celeiro do Loureiro, R. Padre Manuel Laranjeira 1417, Portugal		Distrito de Aveiro	Oliveira de Azeméis	-8.5327194	40.8109552		https://facebook.com/celeirode.loureiro					{"monday":null,"tuesday":null,"wednesday":null,"thursday":null,"friday":null,"saturday":null,"sunday":null}	{"accessibility":{"wheelchair-accessible-entrance":"has-wheelchair-accessible-entrance","wheelchair-accessible-parking-lot":"has-wheelchair-accessible-parking-lot"}}
Mercado Agricola	Farmers market	Farmers market				Mercado Agricola, Rua Teófilo Braga 81, 9680 Vila Franca Do Campo, Portugal	Vila Franca do Campo	Azores	Vila Franca do Campo	-25.4357535	37.71601							{"monday":"9-am-6-pm","tuesday":"9-am-6-pm","wednesday":"9-am-6-pm","thursday":"9-am-6-pm","friday":"9-am-6-pm","saturday":"9-am-6-pm","sunday":"closed"}	
Belchior Lda	Farmers market	Farmers market,Warehouse			351 286 322 846	Belchior Lda, Castro Verde, Portugal	Castro Verde	Distrito de Beja	Castro Verde	-8.096028	37.6920087							{"monday":"6-am-5-pm","tuesday":"6-am-5-pm","wednesday":"6-am-5-pm","thursday":"6-am-5-pm","friday":"6-am-5-pm","saturday":"6-am-12-pm","sunday":"closed"}	{"accessibility":{"wheelchair-accessible-entrance":"has-wheelchair-accessible-entrance","wheelchair-accessible-parking-lot":"has-wheelchair-accessible-parking-lot"}}
Farmácia Agrícola de Anadia	Farmers market	Farmers market			351 231 504 511	Farmácia Agrícola de Anadia, R. Manuel Ribeiro nº 29, 3780-235 Anadia, Portugal	Anadia	Distrito de Aveiro	Anadia	-8.4333728	40.4400353							{"monday":["830-am-1230-pm","2-7-pm"],"tuesday":["830-am-1230-pm","2-7-pm"],"wednesday":["830-am-1230-pm","2-7-pm"],"thursday":["830-am-1230-pm","2-7-pm"],"friday":["830-am-1230-pm","2-7-pm"],"saturday":"830-am-1-pm","sunday":"closed"}	{"payments":{"credit-cards":"accepts-credit-cards","debit-cards":"accepts-debit-cards"}}
Mercado dos Agricultores - Pombal	Farmers market	Farmers market				Mercado dos Agricultores - Pombal, R. Dr. Custódio Freire 3100, 3100-464 Pombal, Portugal	Pombal	Distrito de Leiria	Pombal	-8.6258024	39.9155513							{"monday":null,"tuesday":null,"wednesday":null,"thursday":null,"friday":null,"saturday":null,"sunday":null}	{"accessibility":{"wheelchair-accessible-entrance":"has-wheelchair-accessible-entrance"}}
Mercado Biológico Agrobio - Portimão	Farmers market	Farmers market	https://agrobio.pt/consumidor/mercados-agrobio	https://agrobio.pt	+351 21 364 1354	Mercado Biológico Agrobio - Portimão, 8500-802 Portimão, Portugal	Portimão	Distrito de Faro	Portimão	-8.5342191	37.1381312	geral@agrobio.pt	https://facebook.com/agrobioagriculturabiologica			https://instagram.com/agrobio_portugal	https://linkedin.com/company/agrobiopt	{"monday":"closed","tuesday":"closed","wednesday":"closed","thursday":"closed","friday":"closed","saturday":"9-am-2-pm","sunday":"closed"}	{"accessibility":{"wheelchair-accessible-entrance":"has-wheelchair-accessible-entrance","wheelchair-accessible-parking-lot":"has-wheelchair-accessible-parking-lot"}}
Mimagro - Loja 2 Fundão	Farmers market	Farmers market,Garden,Home improvement store	http://www.mimagro.pt	http://www.mimagro.pt	351 275 772 071	Mimagro - Loja 2 Fundão, Mata Nacional de Vale de Canas, Edifício Fundabeiras, 6230-481 Fundão, Portugal	Fundão	Distrito de Castelo Branco	Fundão	-7.4974632	40.1539942	geral@mimagro.pt	https://facebook.com/mimagro.aa			https://instagram.com/mimagro.ptg		{"monday":["9-am-1245-pm","230-630-pm"],"tuesday":["9-am-1245-pm","230-630-pm"],"wednesday":["9-am-1245-pm","230-630-pm"],"thursday":["9-am-12-pm","230-630-pm"],"friday":["9-am-1245-pm","230-630-pm"],"saturday":"9-am-1245-pm","sunday":"closed"}	{"from-the-business":{"identifies-as-women-owned":"identifies-as-women-owned"},"service-options":{"in-store-shopping":"has-in-store-shopping"},"accessibility":{"wheelchair-accessible-entrance":"has-wheelchair-accessible-entrance"},"crowd":{"lgbtq-friendly":"lgbtq-friendly","transgender-safespace":"transgender-safespace"},"payments":{"debit-cards":"accepts-debit-cards","credit-cards":["mastercard","visa"]}}
Mimagro	Home improvement store	Farmers market,Garden,Home improvement store	http://www.mimagro.pt	http://www.mimagro.pt	351 275 773 106	Mimagro, Av. Monsenhor Santos Carreto, 6230-216 Fundão, Portugal	Fundão	Distrito de Castelo Branco	Fundão	-7.5050841	40.1372616	geral@mimagro.pt	https://facebook.com/mimagro.aa			https://instagram.com/mimagro.ptg		{"monday":["9-am-1245-pm","3-630-pm"],"tuesday":["9-am-1245-pm","3-630-pm"],"wednesday":["9-am-1245-pm","3-630-pm"],"thursday":["9-am-1245-pm","3-630-pm"],"friday":["9-am-1245-pm","3-630-pm"],"saturday":"9-am-1245-pm","sunday":"closed"}	{"from-the-business":{"identifies-as-women-owned":"identifies-as-women-owned"},"service-options":{"delivery":"offers-delivery","in-store-shopping":"has-in-store-shopping"},"accessibility":{"wheelchair-accessible-entrance":"has-wheelchair-accessible-entrance","wheelchair-accessible-parking-lot":"has-wheelchair-accessible-parking-lot"},"crowd":{"lgbtq-friendly":"lgbtq-friendly","transgender-safespace":"transgender-safespace"},"planning":{"quick-visit":"good-for-quick-visit"},"payments":{"credit-cards":"accepts-credit-cards","debit-cards":"accepts-debit-cards"}}
Vivo Mercado Lagos	Farmers market	Farmers market	https://www.facebook.com/vivomercado	https://www.facebook.com		Vivo Mercado Lagos, 8600-645 Lagos, Portugal	Lagos	Distrito de Faro	Lagos	-8.6757077	37.1073119							{"monday":"closed","tuesday":"closed","wednesday":"4-8-pm","thursday":"closed","friday":"closed","saturday":"closed","sunday":"closed"}	{"accessibility":{"wheelchair-accessible-entrance":"has-wheelchair-accessible-entrance","wheelchair-accessible-parking-lot":"has-wheelchair-accessible-parking-lot"},"amenities":{"restroom":"has-restroom"},"payments":{"debit-cards":"accepts-debit-cards","nfc-mobile-payments":"accepts-nfc-mobile-payments"}}
Largo da Feira de Portomar	Farmers market	Farmers market	https://tudoemfrutas.com	https://tudoemfrutas.com		Largo da Feira de Portomar, R. da Gândara 3, 3070-357 Mira, Portugal	Mira	Distrito de Coimbra	Mira	-8.7333876	40.4499228	contato@guiadamusculacao.com						{"monday":null,"tuesday":null,"wednesday":null,"thursday":null,"friday":null,"saturday":null,"sunday":null}	{"accessibility":{"wheelchair-accessible-entrance":"has-wheelchair-accessible-entrance","wheelchair-accessible-parking-lot":"has-wheelchair-accessible-parking-lot"}}
HTN Distribuição Alimentar Unipessoal Lda	Farmers market	Farmers market			351 249 728 733	HTN Distribuição Alimentar Unipessoal Lda, Variante do Bom Amor, 2350-649 Torres Novas, Portugal	Torres Novas	Distrito de Santarém	Torres Novas	-8.5253695	39.4680789							{"monday":null,"tuesday":null,"wednesday":null,"thursday":null,"friday":null,"saturday":null,"sunday":null}	{"accessibility":{"wheelchair-accessible-entrance":"has-wheelchair-accessible-entrance","wheelchair-accessible-parking-lot":"has-wheelchair-accessible-parking-lot"}}
Lusoleaves	Farmers market	Farmers market	http://www.lusoleaves.com	http://www.lusoleaves.com		Lusoleaves, Estufas de Carapuças, 8670-440 Carapuças , Rogil, Aljezur, Portugal	Carapuças , Rogil, Aljezur	Distrito de Faro	Aljezur	-8.785325	37.366851	info@lusoleaves.com						{"monday":"9-am-530-pm","tuesday":"9-am-530-pm","wednesday":"9-am-530-pm","thursday":"9-am-530-pm","friday":"9-am-530-pm","saturday":"closed","sunday":"closed"}	{"accessibility":{"wheelchair-accessible-entrance":"has-wheelchair-accessible-entrance","wheelchair-accessible-parking-lot":"has-wheelchair-accessible-parking-lot"}}
Produção agricola	Farmers market	Farmers market				Produção agricola, Silves, Portugal	Silves	Distrito de Faro	Silves	-8.3948884	37.1612445							{"monday":null,"tuesday":null,"wednesday":null,"thursday":null,"friday":null,"saturday":null,"sunday":null}	{"accessibility":{"wheelchair-accessible-entrance":"has-wheelchair-accessible-entrance"}}
Back to Eden - B2E	Farm	Farm,Farmers market			351 963 172 534	Back to Eden - B2E, R. Armazém Novo s/n, Olival, Portugal	Olival	Distrito do Porto	Vila Nova de Gaia	-8.5291093	41.0725419							{"monday":"11-am-2-pm","tuesday":"11-am-2-pm","wednesday":"closed","thursday":"closed","friday":"closed","saturday":"closed","sunday":"closed"}	
BioAlentejanices	Organic farm	Farmers market,Organic farm			351 967 037 374	BioAlentejanices, Estrada de Stº Amaro, nº2, 7470-209 Sousel, Portugal	Sousel	Distrito de Portalegre	Sousel	-7.6612073	38.9565027							{"monday":"open-24-hours","tuesday":"open-24-hours","wednesday":"open-24-hours","thursday":"open-24-hours","friday":"open-24-hours","saturday":"open-24-hours","sunday":"open-24-hours"}	{"accessibility":{"wheelchair-accessible-entrance":"has-wheelchair-accessible-entrance","wheelchair-accessible-parking-lot":"has-wheelchair-accessible-parking-lot"}}
César Agostinho Elias	Farmers market	Farmers market			351 917 908 160	César Agostinho Elias, R. João Afonso do Pó 27, 2540-513 Pó, Portugal	Pó	Distrito de Leiria	Bombarral	-9.2201569	39.3118618							{"monday":"8-am-7-pm","tuesday":"8-am-7-pm","wednesday":"8-am-7-pm","thursday":"8-am-7-pm","friday":"8-am-7-pm","saturday":"8-am-7-pm","sunday":"closed"}	{"accessibility":{"wheelchair-accessible-entrance":"has-wheelchair-accessible-entrance","wheelchair-accessible-parking-lot":"has-wheelchair-accessible-parking-lot"}}
Alberto Lopes Luis	Farmers market	Farmers market			351 236 621 191	Alberto Lopes Luis, Lugar, Rua de Coimbra 1079, Venda das Figueiras, Coimbra, Portugal	Coimbra	Distrito de Coimbra	Penela	-8.3722854	39.9423288							{"monday":["9-am-1-pm","3-7-pm"],"tuesday":["9-am-1-pm","3-7-pm"],"wednesday":["9-am-1-pm","3-7-pm"],"thursday":["9-am-1-pm","3-7-pm"],"friday":["9-am-1-pm","3-7-pm"],"saturday":"9-am-1-pm","sunday":"closed"}	
Batata Doce do Oeste	Farmers market	Farmers market	https://www.batatadocedooeste.pt	https://www.batatadocedooeste.pt	351 917 346 592	Batata Doce do Oeste, Tv. do Poço Novo 6, 2560-407 Silveira, Portugal	Silveira	Distrito de Lisboa	Torres Vedras	-9.3399772	39.1048185	geral@batatadocedooeste.pt						{"monday":"9-am-5-pm","tuesday":"9-am-5-pm","wednesday":"9-am-5-pm","thursday":"9-am-5-pm","friday":"9-am-5-pm","saturday":"closed","sunday":"closed"}	
Mimagro - Loja Belmonte	Farmers market	Farmers market,Garden,Home improvement store	http://www.mimagro.pt	http://www.mimagro.pt	351 275 249 050	Mimagro - Loja Belmonte, Sitio do Vale, 33, 6250-072 Belmonte, Portugal	Belmonte	Distrito de Castelo Branco	Belmonte	-7.3434759	40.3621751	geral@mimagro.pt	https://facebook.com/mimagro.aa			https://instagram.com/mimagro.ptg		{"monday":["9-am-1245-pm","3-630-pm"],"tuesday":["9-am-1245-pm","3-630-pm"],"wednesday":["9-am-1245-pm","3-630-pm"],"thursday":["9-am-1245-pm","3-630-pm"],"friday":["9-am-1245-pm","3-630-pm"],"saturday":"9-am-1245-pm","sunday":"closed"}	{"from-the-business":{"identifies-as-women-owned":"identifies-as-women-owned"},"service-options":{"in-store-shopping":"has-in-store-shopping"},"accessibility":{"wheelchair-accessible-entrance":"has-wheelchair-accessible-entrance","wheelchair-accessible-parking-lot":"has-wheelchair-accessible-parking-lot"},"amenities":{"gender-neutral-restroom":"has-gender-neutral-restroom"},"crowd":{"lgbtq-friendly":"lgbtq-friendly","transgender-safespace":"transgender-safespace"},"payments":{"credit-cards":"accepts-credit-cards","debit-cards":"accepts-debit-cards"}}
Reforma Agrária de Lagos - Horticulas e Prod Locais	Farmers market	Farmers market				Reforma Agrária de Lagos - Horticulas e Prod Locais, Largo do Rossio de São João Batista, 8600-645 Lagos, Portugal	Lagos	Distrito de Faro	Lagos	-8.6758243	37.1073175							{"monday":"closed","tuesday":"closed","wednesday":"closed","thursday":"closed","friday":"closed","saturday":"7-am-2-pm","sunday":"closed"}	{"accessibility":{"wheelchair-accessible-entrance":"has-wheelchair-accessible-entrance","wheelchair-accessible-parking-lot":"has-wheelchair-accessible-parking-lot"}}
Multipurpose space Aljezur (EMA)	Fairground	Fairground	http://www.cm-aljezur.pt	http://www.cm-aljezur.pt	351 282 990 010	Multipurpose space Aljezur (EMA), Aljezur, Portugal	Aljezur	Distrito de Faro	Aljezur	-8.7894115	37.3160531	geral@cm-aljezur.pt	https://facebook.com/municipio.aljezur	https://youtube.com/channel/UCXqZER1hUAYp7LxurTPYIRw	https://twitter.com/cm_aljezur			{"monday":null,"tuesday":null,"wednesday":null,"thursday":null,"friday":null,"saturday":null,"sunday":null}	{"accessibility":{"wheelchair-accessible-entrance":"has-wheelchair-accessible-entrance","wheelchair-accessible-parking-lot":"has-wheelchair-accessible-parking-lot","wheelchair-accessible-restroom":"has-wheelchair-accessible-restroom"},"amenities":{"restroom":"has-restroom"}}
Cooperativa Agrícola de Barcelos - Armazém de Aldreu	Farmers market	Farm shop,Farmers market	http://www.agribar.pt	http://www.agribar.pt	351 258 772 909	Cooperativa Agrícola de Barcelos - Armazém de Aldreu, R. de São Tiago 1045, 4905-016 Aldreu, Portugal	Aldreu	Distrito de Braga	Barcelos	-8.7145645	41.6041724	coop@agribar.pt	https://facebook.com/cooperativagricolabarcelos	https://youtube.com/channel/UChahlfi2QsCTA3amE5kvr9g				{"monday":["830-am-1230-pm","2-6-pm"],"tuesday":["830-am-1230-pm","2-6-pm"],"wednesday":["830-am-1230-pm","2-6-pm"],"thursday":["830-am-1230-pm","2-6-pm"],"friday":["830-am-1230-pm","2-6-pm"],"saturday":"830-am-1230-pm","sunday":"closed"}	{"service-options":{"in-store-shopping":"has-in-store-shopping"},"accessibility":{"wheelchair-accessible-entrance":"has-wheelchair-accessible-entrance","wheelchair-accessible-parking-lot":"has-wheelchair-accessible-parking-lot"}}
Cooperativa Agrícola de Barcelos - Armazém da Sede	Farmers market	Farmers market	https://www.agribar.pt	https://www.agribar.pt	351 253 808 900	Cooperativa Agrícola de Barcelos - Armazém da Sede, R. Fernando Magalhães 206, 4750-290 Barcelos, Portugal	Barcelos	Distrito de Braga	Barcelos	-8.6199815	41.5289019	coop@agribar.pt	https://facebook.com/cooperativagricolabarcelos	https://youtube.com/channel/UChahlfi2QsCTA3amE5kvr9g				{"monday":["830-am-1230-pm","2-6-pm"],"tuesday":["830-am-1230-pm","2-6-pm"],"wednesday":["830-am-1230-pm","2-6-pm"],"thursday":["830-am-1230-pm","2-6-pm"],"friday":["830-am-1230-pm","2-6-pm"],"saturday":"closed","sunday":"closed"}	{"accessibility":{"wheelchair-accessible-entrance":"has-wheelchair-accessible-entrance","wheelchair-accessible-parking-lot":"has-wheelchair-accessible-parking-lot"}}
NUTRIROSSIO Consultoria Agrícola	Consultant	Agricultural service,Consultant,Farm shop,Farmers market,Organic farm,Organic shop	http://nutrirossio.pt	http://nutrirossio.pt	351 911 114 238	NUTRIROSSIO Consultoria Agrícola, Largo do Rossio 8, 2550-216 Cercal, Portugal	Cercal	Distrito de Lisboa	Cadaval	-9.0010871	39.2363445	geral@nutrirossio.pt						{"monday":"closed","tuesday":["9-am-1-pm","3-7-pm"],"wednesday":["9-am-1-pm","3-7-pm"],"thursday":["9-am-1-pm","3-7-pm"],"friday":["9-am-1-pm","3-7-pm"],"saturday":["9-am-1-pm","3-7-pm"],"sunday":"closed"}	{"from-the-business":{"identifies-as-women-owned":"identifies-as-women-owned"},"accessibility":{"wheelchair-accessible-entrance":"has-wheelchair-accessible-entrance","wheelchair-accessible-parking-lot":"has-wheelchair-accessible-parking-lot","wheelchair-accessible-seating":"has-wheelchair-accessible-seating"},"amenities":{"gender-neutral-restroom":"has-gender-neutral-restroom"}}
Mercado de Espiche	Farmers market	Farmers market				Mercado de Espiche, R. do Moinho 3, 8600-102 Luz, Portugal	Luz	Distrito de Faro	Lagos	-8.7373627	37.1021728							{"monday":null,"tuesday":null,"wednesday":null,"thursday":null,"friday":null,"saturday":null,"sunday":null}	{"accessibility":{"wheelchair-accessible-entrance":"has-wheelchair-accessible-entrance","wheelchair-accessible-parking-lot":"has-wheelchair-accessible-parking-lot"}}
Prazeres Farmer's Market	Farmers market	Farmers market				Prazeres Farmer's Market, Caminho da Referta 144 9370, Prazeres, Portugal	Prazeres	Madeira	Calheta	-17.2045144	32.7496433							{"monday":"closed","tuesday":"closed","wednesday":"closed","thursday":"closed","friday":"closed","saturday":"closed","sunday":"8-am-1-pm"}	{"accessibility":{"wheelchair-accessible-entrance":"has-wheelchair-accessible-entrance","wheelchair-accessible-parking-lot":"has-wheelchair-accessible-parking-lot"}}
Lobeira Holsteins	Cattle market	Cattle market			351 919 698 938	Lobeira Holsteins, R. Principal 1121, 4755-120 Chorente, Portugal	Chorente	Distrito de Braga	Barcelos	-8.613555	41.4492176							{"monday":"730-am-730-pm","tuesday":"730-am-830-pm","wednesday":"730-am-830-pm","thursday":"730-am-830-pm","friday":"730-am-830-pm","saturday":"730-am-830-pm","sunday":"closed"}	{"accessibility":{"wheelchair-accessible-entrance":"has-wheelchair-accessible-entrance","wheelchair-accessible-parking-lot":"has-wheelchair-accessible-parking-lot"}}
Rogil monthly market (4th sunday)	Farmers market	Farmers market				Rogil monthly market (4th sunday), R. das Escolas, 8670-440, Portugal		Distrito de Faro	Aljezur	-8.7995314	37.3650749							{"monday":null,"tuesday":null,"wednesday":null,"thursday":null,"friday":null,"saturday":null,"sunday":null}	
São Teotónio monthly Market (first Monday of each month)	Farmers market	Farmers market				São Teotónio monthly Market (first Monday of each month), R. 25 de Abril, 7630-174 S.Teotónio, Portugal	S.Teotónio	Distrito de Beja	Odemira	-8.7110049	37.5082165							{"monday":null,"tuesday":null,"wednesday":null,"thursday":null,"friday":null,"saturday":null,"sunday":null}	{"accessibility":{"wheelchair-accessible-entrance":"has-wheelchair-accessible-entrance","wheelchair-accessible-parking-lot":"has-wheelchair-accessible-parking-lot"}}
Mercado Biológico de Matosinhos	Farmers market	Farmers market	https://lifecooler.com/artigo/atividades/mercado-biologico-de-matosinhos/405338	https://lifecooler.com		Mercado Biológico de Matosinhos, R. Cooperativa das 7 Bicas 190 3-A, 4460-212 Matosinhos, Portugal	Matosinhos	Distrito do Porto	Matosinhos	-8.6639708	41.1899304		https://facebook.com/lifecooler.pt		https://twitter.com/lifecoolerpt	https://instagram.com/lifecooler.oficial		{"monday":null,"tuesday":null,"wednesday":null,"thursday":null,"friday":null,"saturday":null,"sunday":null}	{"accessibility":{"wheelchair-accessible-entrance":"has-wheelchair-accessible-entrance","wheelchair-accessible-parking-lot":"has-wheelchair-accessible-parking-lot"}}
DATS, produtora de mirtilos	Farmers market	Farmers market			351 934 101 515	DATS, produtora de mirtilos, R. de Santo Estêvão 2266, 4620-615 Barrosas (Santo Estêvão), Portugal	Barrosas (Santo Estêvão)	Distrito do Porto	Lousada	-8.2773341	41.331167							{"monday":["8-am-12-pm","2-6-pm"],"tuesday":["8-am-12-pm","2-6-pm"],"wednesday":["8-am-12-pm","2-6-pm"],"thursday":["8-am-12-pm","2-6-pm"],"friday":["8-am-12-pm","2-6-pm"],"saturday":"closed","sunday":"closed"}	{"accessibility":{"wheelchair-accessible-entrance":"has-wheelchair-accessible-entrance","wheelchair-accessible-parking-lot":"has-wheelchair-accessible-parking-lot"}}
Cooperativa Agrícola de Condeixa-a-Nova e Penela, C.R.L. - Loja de Penela	Farmers market	Farmers market			351 967 635 972	Cooperativa Agrícola de Condeixa-a-Nova e Penela, C.R.L. - Loja de Penela, R. Padre António Duarte Brázio 45, 3230-275 Penela, Portugal	Penela	Distrito de Coimbra	Penela	-8.390557	40.028016							{"monday":null,"tuesday":null,"wednesday":null,"thursday":null,"friday":null,"saturday":null,"sunday":null}	{"accessibility":{"wheelchair-accessible-entrance":"has-wheelchair-accessible-entrance","wheelchair-accessible-parking-lot":"has-wheelchair-accessible-parking-lot"}}
Fernando Jesus Maria Amaro	Farmers market	Farmers market			351 236 911 144	Fernando Jesus Maria Amaro, Largo de São Domingos 17, 3105, Portugal		Distrito de Leiria	Pombal	-8.5829793	40.0037069							{"monday":["9-am-1-pm","2-7-pm"],"tuesday":["9-am-1-pm","2-7-pm"],"wednesday":["9-am-1-pm","2-7-pm"],"thursday":["9-am-1-pm","2-7-pm"],"friday":["9-am-1-pm","2-7-pm"],"saturday":["9-am-1-pm","2-7-pm"],"sunday":["9-am-1-pm","2-3-pm"]}	{"accessibility":{"wheelchair-accessible-entrance":"has-wheelchair-accessible-entrance","wheelchair-accessible-parking-lot":"has-wheelchair-accessible-parking-lot"}}
Escrita do Campo	Farmers market	Farmers market			351 966 619 783	Escrita do Campo, R. Gil Fernandes 1, 7350-192 Elvas, Portugal	Elvas	Distrito de Portalegre	Elvas	-7.1654527	38.8747698							{"monday":null,"tuesday":null,"wednesday":null,"thursday":null,"friday":null,"saturday":null,"sunday":null}	
Mercado da Alegria	Farmers market	Farmers market	http://www.agoraporto.pt/noticias-porto-lazer/mercado-leva-a-alegria-a-foz-do-douro	http://www.agoraporto.pt		Mercado da Alegria, R. do Passeio Alegre, 4150-570 Porto, Portugal	Porto	Distrito do Porto	Porto	-8.6710383	41.1483075	mercadosalegria001@gmail.com	https://facebook.com/agoraculturadesporto	https://youtube.com/channel/UCFmGwNEXIRdK36Kp0nEAEIw		https://instagram.com/agoraporto	https://linkedin.com/company/75724435/admin	{"monday":"closed","tuesday":"closed","wednesday":"closed","thursday":"closed","friday":"closed","saturday":"closed","sunday":"10-am-6-pm"}	{"accessibility":{"wheelchair-accessible-entrance":"has-wheelchair-accessible-entrance"},"payments":{"credit-cards":"accepts-credit-cards","debit-cards":"accepts-debit-cards"}}
Antenor, Lda.	Farmers market	Farmers market			351 912 546 527	Antenor, Lda., 4535-214 Mozelos, Portugal	Mozelos	Distrito de Aveiro	Santa Maria da Feira	-8.5638609	40.9951629							{"monday":null,"tuesday":null,"wednesday":null,"thursday":null,"friday":null,"saturday":null,"sunday":null}	{"accessibility":{"wheelchair-accessible-parking-lot":"has-wheelchair-accessible-parking-lot"}}
Mimagro - Loja tortosendo	Farmers market	Farmers market	https://www.mimagro.pt	https://www.mimagro.pt	351 275 247 129	Mimagro - Loja tortosendo, Av. Viriato 110 R/C, 6200-727 Tortosendo, Portugal	Tortosendo	Distrito de Castelo Branco	Covilhã	-7.5245433	40.2404468	geral@mimagro.pt	https://facebook.com/mimagro.aa			https://instagram.com/mimagro.ptg		{"monday":["9-am-1245-pm","230-630-pm"],"tuesday":["9-am-1245-pm","230-630-pm"],"wednesday":["9-am-1245-pm","230-630-pm"],"thursday":["9-am-1245-pm","230-630-pm"],"friday":["9-am-1245-pm","230-630-pm"],"saturday":"9-am-1245-pm","sunday":"closed"}	{"accessibility":{"wheelchair-accessible-parking-lot":"has-wheelchair-accessible-parking-lot"}}
Drogaria Pimenta do Vale	Farmers market	Farmers market			351 929 442 306	Drogaria Pimenta do Vale, R. Infante Dom Henrique 36, 4750-251 Barcelos, Portugal	Barcelos	Distrito de Braga	Barcelos	-8.6215699	41.5293683							{"monday":["9-am-1-pm","3-7-pm"],"tuesday":["9-am-1-pm","3-7-pm"],"wednesday":["9-am-1-pm","3-7-pm"],"thursday":["9-am-1-pm","3-7-pm"],"friday":["9-am-1-pm","3-7-pm"],"saturday":"9-am-1-pm","sunday":"closed"}	
Agricultural	Farmers market	Farmers market			351 920 465 964	Agricultural, R. José Carlos Picão Caldeira, 7350-506 Portalegre, Portugal	Portalegre	Distrito de Portalegre	Elvas	-7.2919097	38.8712235							{"monday":null,"tuesday":null,"wednesday":null,"thursday":null,"friday":null,"saturday":null,"sunday":null}	
Praça do peixe	Farmers market	Farmers market				Praça do peixe, Praça Joaquim Bento, 2025-108 Alcanede, Portugal	Alcanede	Distrito de Santarém	Santarém	-8.8040242	39.413434							{"monday":null,"tuesday":null,"wednesday":null,"thursday":null,"friday":null,"saturday":null,"sunday":null}	{"accessibility":{"wheelchair-accessible-entrance":"has-wheelchair-accessible-entrance","wheelchair-accessible-parking-lot":"has-wheelchair-accessible-parking-lot"}}
Quinta Everywhere Sunshine 3	Farm	Farm				Quinta Everywhere Sunshine 3, Estrada Nacional 112, 6000-631 Salgueiro do Campo, Portugal	Salgueiro do Campo	Distrito de Castelo Branco	Castelo Branco	-7.5894603	39.9007778							{"monday":null,"tuesday":null,"wednesday":null,"thursday":null,"friday":null,"saturday":null,"sunday":null}	{"accessibility":{"wheelchair-accessible-entrance":"has-wheelchair-accessible-entrance"}}
Rua do Centro Communitario	Farmers market	Farmers market				Rua do Centro Communitario, R. do Centro Comunitario, 8135-128 Almancil, Portugal	Almancil	Distrito de Faro	Loulé	-8.0347596	37.0855468							{"monday":"closed","tuesday":"closed","wednesday":"closed","thursday":"8-am-1-pm","friday":"closed","saturday":"closed","sunday":"closed"}	
Beelove.farm Shop	Store	Farm shop,Farmers market,Store	https://beelove.farm	https://beelove.farm	351 966 426 269	Beelove.farm Shop, Recinto Da Feira, Campo Do Santana, 9600-096 Rabo de Peixe, Portugal	Rabo de Peixe	Azores	Ribeira Grande	-25.5632294	37.8089515	info@beelove.farm	https://facebook.com/profile.php			https://instagram.com/beelove.farm		{"monday":"closed","tuesday":"closed","wednesday":"closed","thursday":"8-am-12-pm","friday":"closed","saturday":"closed","sunday":"closed"}	{"accessibility":{"wheelchair-accessible-restroom":"has-wheelchair-accessible-restroom","wheelchair-accessible-seating":"has-wheelchair-accessible-seating"},"parking":{"free-parking-lot":"free-parking-lot","on-site-parking":"on-site-parking"}}
Loja Agrícola David Silva e Filipe Teixeira	Farmers market	Farmers market			351 232 393 590	Loja Agrícola David Silva e Filipe Teixeira, Estrada do Barracão, Barracão, 3570-211 Aguiar da Beira, Portugal	Aguiar da Beira	Distrito da Guarda	Aguiar da Beira	-7.5057961	40.7900552							{"monday":"830-am-6-pm","tuesday":"830-am-6-pm","wednesday":"830-am-6-pm","thursday":"830-am-6-pm","friday":"830-am-6-pm","saturday":"830-am-1230-pm","sunday":"closed"}	
Campo dos Mártires da Pátria	Farmers market	Farmers market				Campo dos Mártires da Pátria, 132, 4050-367 Porto, Portugal	Porto	Distrito do Porto	Porto	-8.6152852	41.1450972							{"monday":"closed","tuesday":"closed","wednesday":"closed","thursday":"closed","friday":"closed","saturday":"10-am-1-pm","sunday":"closed"}	
Prorural, Lda	Farmers market	Farmers market	https://prorural.pt	https://prorural.pt	351 963 324 244	Prorural, Lda, Zona Industrial do Lameirão Lt.13, 5130-351 São João da Pesqueira, Portugal	São João da Pesqueira	Distrito de Viseu	São João da Pesqueira	-7.4224103	41.1478195	geral@prorural.pt	https://facebook.com/prorural-produtos-agricolas-lda-722840967800438					{"monday":["830-am-1230-pm","230-630-pm"],"tuesday":["830-am-1230-pm","230-630-pm"],"wednesday":["830-am-1230-pm","230-630-pm"],"thursday":["830-am-1230-pm","230-630-pm"],"friday":["830-am-1230-pm","230-630-pm"],"saturday":"9-am-1-pm","sunday":"closed"}	{"service-options":{"in-store-shopping":"has-in-store-shopping","onsite-services":"onsite-services-available"},"accessibility":{"wheelchair-accessible-entrance":"has-wheelchair-accessible-entrance","wheelchair-accessible-parking-lot":"has-wheelchair-accessible-parking-lot"},"amenities":{"restroom":"has-restroom"},"payments":{"debit-cards":"accepts-debit-cards"},"parking":{"free-parking-lot":"free-parking-lot"}}
Casa Agrícola das Cerdeirinhas	Farmers market	Farmers market			351 963 429 814	Casa Agrícola das Cerdeirinhas, Av. Entroncamento 191, 4850-422, Portugal		Distrito de Braga	Vieira do Minho	-8.196594	41.6330329							{"monday":["830-am-1230-pm","130-7-pm"],"tuesday":["830-am-1230-pm","130-7-pm"],"wednesday":["830-am-1230-pm","130-7-pm"],"thursday":["830-am-1230-pm","130-7-pm"],"friday":["830-am-1230-pm","130-7-pm"],"saturday":"830-am-1-pm","sunday":"closed"}	{"parking":{"free-parking-lot":"free-parking-lot","free-street-parking":"free-street-parking","on-site-parking":"on-site-parking"}}
Geofragaria Unipessoal Lda	Farmers market	Farmers market	https://www.geofragaria.pt	https://www.geofragaria.pt	351 914 198 998	Geofragaria Unipessoal Lda, Zona Industrial I Lt21, 3060-197 Cantanhede, Portugal	Cantanhede	Distrito de Coimbra	Cantanhede	-8.6057204	40.356149							{"monday":"open-24-hours","tuesday":"open-24-hours","wednesday":"open-24-hours","thursday":"open-24-hours","friday":"open-24-hours","saturday":"closed","sunday":"closed"}	{"accessibility":{"wheelchair-accessible-entrance":"has-wheelchair-accessible-entrance"}}